-8.063530176877975464e-02,-1.024437323212623596e-02,7.141010165214538574e-01,9.987092018127441406e-01,-4.062429815530776978e-02,3.047370538115501404e-02,1.007399172522127628e-03,2.042185328900814056e-02,3.023871779441833496e-01,1.958485879004001617e-02,1.431948900222778320e+00,-2.593705058097839355e-01,3.491766750812530518e-02,-4.401280879974365234e-01,1.538886129856109619e-02,-3.093404173851013184e-01,8.787018060684204102e-01,-5.383730530738830566e-01,-9.328245371580123901e-02,-1.105235144495964050e-01,1.075089797377586365e-01,1.722496896982192993e-01,1.000079885125160217e-01,4.945979416370391846e-01,-4.641855359077453613e-01,-3.840290009975433350e-01,3.214427530765533447e-01,-1.513788402080535889e-01,4.599552750587463379e-01,3.458461165428161621e-02,-6.321424841880798340e-01,6.183406710624694824e-01,-1.111596375703811646e-01,-3.231855928897857666e-01,-5.400417745113372803e-02,-7.876907289028167725e-02
-2.486254274845123291e-02,-1.213808916509151459e-02,7.114710807800292969e-01,9.988485574722290039e-01,-4.120289161801338196e-02,2.320798300206661224e-02,-8.077318780124187469e-03,-1.340009123086929321e-01,2.625745236873626709e-01,-1.465333439409732819e-02,1.572078943252563477e+00,-3.160957992076873779e-01,3.262779116630554199e-02,-3.173206150531768799e-01,2.569087222218513489e-02,-3.056163489818572998e-01,8.861897587776184082e-01,-6.258654594421386719e-01,-6.992735713720321655e-02,-3.232442587614059448e-02,1.262898147106170654e-01,1.832967847585678101e-01,2.603406608104705811e-01,4.964972734451293945e-01,-4.786902070045471191e-01,-3.136507868766784668e-01,3.425255715847015381e-01,-1.352152377367019653e-01,4.504115283489227295e-01,-1.377266645431518555e-01,-5.995740890502929688e-01,6.399642229080200195e-01,-1.571846157312393188e-01,-2.965495586395263672e-01,-4.480558633804321289e-02,-7.629849016666412354e-02
4.323288798332214355e-02,-1.261538919061422348e-02,7.196468114852905273e-01,9.991173148155212402e-01,-2.916250377893447876e-02,2.617732249200344086e-02,-1.513019949197769165e-02,-3.061768412590026855e-01,2.153931707143783569e-01,-2.530725672841072083e-03,1.579148054122924805e+00,-3.377820253372192383e-01,4.613922163844108582e-02,-1.783005744218826294e-01,1.875353232026100159e-02,-2.719047069549560547e-01,7.969348430633544922e-01,-6.482870578765869141e-01,-2.575624734163284302e-02,5.107976123690605164e-02,1.196696683764457703e-01,1.572841703891754150e-01,4.022182524204254150e-01,5.366552472114562988e-01,-4.989785552024841309e-01,-3.091284930706024170e-01,3.060373067855834961e-01,-1.332416534423828125e-01,4.220803081989288330e-01,-3.012486100196838379e-01,-5.459085106849670410e-01,6.440739035606384277e-01,-2.001626342535018921e-01,-2.297393232583999634e-01,-5.585195124149322510e-02,-1.094985827803611755e-01
1.123269647359848022e-01,-1.222825143486261368e-02,7.363685965538024902e-01,9.993322491645812988e-01,-5.645026918500661850e-03,3.147163614630699158e-02,-1.768137887120246887e-02,-4.296105504035949707e-01,1.521999239921569824e-01,4.521381855010986328e-02,1.443327426910400391e+00,-3.147870004177093506e-01,6.392534077167510986e-02,-1.697617024183273315e-02,-1.496517192572355270e-02,-2.297900319099426270e-01,6.298833489418029785e-01,-5.919756889343261719e-01,1.780993677675724030e-02,1.276249736547470093e-01,7.614769786596298218e-02,1.211877018213272095e-01,5.251122117042541504e-01,5.999181270599365234e-01,-5.040712356567382812e-01,-3.420306146144866943e-01,2.838261425495147705e-01,-1.334877014160156250e-01,3.920278847217559814e-01,-4.203874468803405762e-01,-4.806016981601715088e-01,6.698884367942810059e-01,-2.296284735202789307e-01,-1.668744534254074097e-01,-6.403656303882598877e-02,-1.591230928897857666e-01
1.831978857517242432e-01,-1.075440924614667892e-02,7.572700381278991699e-01,9.988274574279785156e-01,1.897099614143371582e-02,4.103034734725952148e-02,-1.732789725065231323e-02,-5.021415948867797852e-01,7.543566823005676270e-02,9.590605646371841431e-02,1.194080114364624023e+00,-2.667262852191925049e-01,6.986897438764572144e-02,1.187302842736244202e-01,-6.159098446369171143e-02,-1.943617165088653564e-01,4.715336859226226807e-01,-4.259039163589477539e-01,5.659018456935882568e-02,1.900615692138671875e-01,2.077970094978809357e-02,7.995527237653732300e-02,6.249523162841796875e-01,6.575537919998168945e-01,-4.902820885181427002e-01,-3.758446276187896729e-01,2.805553078651428223e-01,-1.282870471477508545e-01,3.696230649948120117e-01,-5.069272518157958984e-01,-4.247550666332244873e-01,7.214813232421875000e-01,-2.481457293033599854e-01,-1.337951719760894775e-01,-6.696520000696182251e-02,-2.053564488887786865e-01
2.550554573535919189e-01,-8.559580892324447632e-03,7.763659358024597168e-01,9.979590177536010742e-01,3.203424438834190369e-02,5.294070020318031311e-02,-1.577913947403430939e-02,-5.167976021766662598e-01,2.189937606453895569e-02,1.325965821743011475e-01,8.540446162223815918e-01,-2.075563818216323853e-01,4.914825409650802612e-02,2.008202075958251953e-01,-8.933104574680328369e-02,-1.577973812818527222e-01,3.942691981792449951e-01,-1.847766488790512085e-01,8.939968049526214600e-02,2.342505455017089844e-01,-1.850783079862594604e-02,3.850683569908142090e-02,7.074543833732604980e-01,6.942172050476074219e-01,-4.670930504798889160e-01,-4.080600142478942871e-01,2.871639728546142578e-01,-1.217696145176887512e-01,3.541821837425231934e-01,-5.694294571876525879e-01,-3.863804042339324951e-01,7.786544561386108398e-01,-2.703708112239837646e-01,-1.051143631339073181e-01,-7.172688096761703491e-02,-2.343853414058685303e-01
3.329209089279174805e-01,-7.175145670771598816e-03,7.885802984237670898e-01,9.977545738220214844e-01,2.643520757555961609e-02,6.016181409358978271e-02,-1.294533628970384598e-02,-4.756346046924591064e-01,-7.149783894419670105e-03,1.305696964263916016e-01,4.580244719982147217e-01,-1.438914686441421509e-01,5.379223264753818512e-03,2.742585539817810059e-01,-7.118303328752517700e-02,-1.241474971175193787e-01,3.473303616046905518e-01,4.973639175295829773e-02,1.208868026733398438e-01,2.608937025070190430e-01,-2.452057786285877228e-02,2.538680855650454760e-04,7.706683278083801270e-01,7.161356806755065918e-01,-4.454571902751922607e-01,-4.434893429279327393e-01,2.916487455368041992e-01,-1.173404604196548462e-01,3.344231247901916504e-01,-6.034022569656372070e-01,-3.555968701839447021e-01,8.210331797599792480e-01,-3.076235353946685791e-01,-6.808870285749435425e-02,-7.635257393121719360e-02,-2.464304119348526001e-01
4.089299738407135010e-01,-6.217234767973423004e-03,7.916033864021301270e-01,9.982767701148986816e-01,3.118421882390975952e-03,5.718774721026420593e-02,-1.278143003582954407e-02,-4.136024713516235352e-01,5.324001889675855637e-03,9.570685029029846191e-02,1.371622979640960693e-01,-1.229786202311515808e-01,-3.621242195367813110e-02,3.434315025806427002e-01,-2.385996840894222260e-02,-1.222802549600601196e-01,3.562267124652862549e-01,1.886661052703857422e-01,1.220133975148200989e-01,2.738015651702880859e-01,6.754700560122728348e-03,-2.411571331322193146e-02,8.184396624565124512e-01,7.228665947914123535e-01,-4.232555627822875977e-01,-4.797276854515075684e-01,3.011044859886169434e-01,-1.124431341886520386e-01,3.176658153533935547e-01,-6.009636521339416504e-01,-3.296190202236175537e-01,8.511658906936645508e-01,-3.582680225372314453e-01,-2.855384908616542816e-02,-9.671786427497863770e-02,-2.438049912452697754e-01
4.811380505561828613e-01,-3.739058505743741989e-03,7.858462333679199219e-01,9.986888766288757324e-01,-1.074988301843404770e-02,4.915471374988555908e-02,-9.421274997293949127e-03,-4.220985472202301025e-01,1.409308426082134247e-02,7.552059739828109741e-02,1.074402257800102234e-01,-1.714272350072860718e-01,-2.980835735797882080e-02,3.726529777050018311e-01,-2.059205621480941772e-02,-1.582998782396316528e-01,4.775022268295288086e-01,1.765185147523880005e-01,7.808671891689300537e-02,2.633976042270660400e-01,2.309447526931762695e-02,-2.168140001595020294e-02,8.332474827766418457e-01,7.137997150421142578e-01,-4.009048342704772949e-01,-4.918812215328216553e-01,3.158872127532958984e-01,-1.164660677313804626e-01,3.206801712512969971e-01,-5.630527734756469727e-01,-3.121440410614013672e-01,8.775635361671447754e-01,-4.072072207927703857e-01,1.357853692024946213e-02,-1.172103732824325562e-01,-2.281435728073120117e-01
5.487228631973266602e-01,-2.407003194093704224e-06,7.742989063262939453e-01,9.991320967674255371e-01,-1.583886798471212387e-03,4.153732955455780029e-02,2.680781530216336250e-03,-4.004707932472229004e-01,-3.172398358583450317e-02,8.667121082544326782e-02,1.383754163980484009e-01,-1.359987854957580566e-01,8.137568831443786621e-03,3.573418855667114258e-01,-8.035568892955780029e-02,-2.067559212446212769e-01,6.669632196426391602e-01,8.716353029012680054e-02,4.084722697734832764e-02,2.339352071285247803e-01,-2.942895051091909409e-03,8.791122236289083958e-04,7.744535207748413086e-01,6.961698532104492188e-01,-3.974858522415161133e-01,-4.584416151046752930e-01,3.207375109195709229e-01,-1.252663582563400269e-01,3.451315462589263916e-01,-4.892228245735168457e-01,-3.056665658950805664e-01,8.902630209922790527e-01,-4.224526882171630859e-01,4.970575124025344849e-02,-1.360951513051986694e-01,-1.993700414896011353e-01
6.138962507247924805e-01,4.940040875226259232e-03,7.547101974487304688e-01,9.989139437675476074e-01,2.563355490565299988e-02,3.493995219469070435e-02,1.711887493729591370e-02,-4.601590335369110107e-01,-1.072613522410392761e-01,9.596504271030426025e-02,4.249477982521057129e-01,-1.161502152681350708e-01,8.897072821855545044e-02,2.993674576282501221e-01,-2.069517523050308228e-01,-2.533505856990814209e-01,9.210990667343139648e-01,-5.716336145997047424e-02,-3.820526413619518280e-03,1.887066364288330078e-01,-6.062678620219230652e-02,3.181110695004463196e-02,6.652905344963073730e-01,6.702808141708374023e-01,-4.101780951023101807e-01,-3.841160237789154053e-01,3.244148194789886475e-01,-1.478463262319564819e-01,3.989536762237548828e-01,-4.060691297054290771e-01,-3.062610626220703125e-01,8.852975368499755859e-01,-3.806322813034057617e-01,8.599050343036651611e-02,-1.476364880800247192e-01,-1.559438407421112061e-01
6.791057586669921875e-01,9.448345750570297241e-03,7.324997186660766602e-01,9.984221458435058594e-01,4.400121420621871948e-02,2.393791079521179199e-02,2.537998743355274200e-02,-4.950079023838043213e-01,-1.471009552478790283e-01,1.170195117592811584e-01,7.418525815010070801e-01,-2.926731109619140625e-01,1.355175971984863281e-01,1.895135939121246338e-01,-3.080436289310455322e-01,-2.326844632625579834e-01,1.185523629188537598e+00,-1.876864880323410034e-01,-4.954891279339790344e-02,1.416022926568984985e-01,-9.785865247249603271e-02,7.304216921329498291e-02,5.110468864440917969e-01,6.434504985809326172e-01,-4.521535933017730713e-01,-2.774255871772766113e-01,3.157668709754943848e-01,-1.597923934459686279e-01,4.658671617507934570e-01,-3.138788342475891113e-01,-3.102675676345825195e-01,8.631250858306884766e-01,-2.862897217273712158e-01,1.364856362342834473e-01,-1.483056247234344482e-01,-1.174621805548667908e-01
7.446689009666442871e-01,1.227722503244876862e-02,7.191447019577026367e-01,9.978965520858764648e-01,5.771192163228988647e-02,1.927303709089756012e-02,2.236830070614814758e-02,-4.270915687084197998e-01,-1.763415336608886719e-01,1.354578733444213867e-01,8.464028835296630859e-01,-4.400906562805175781e-01,1.313658058643341064e-01,1.586611755192279816e-02,-3.677081465721130371e-01,-1.565565466880798340e-01,1.397844314575195312e+00,-2.914207577705383301e-01,-8.097527176141738892e-02,9.724759310483932495e-02,-1.257189661264419556e-01,9.928018599748611450e-02,3.333359360694885254e-01,6.040065884590148926e-01,-5.079427957534790039e-01,-1.675239652395248413e-01,3.418740332126617432e-01,-1.549844890832901001e-01,5.243235230445861816e-01,-1.941172927618026733e-01,-3.198661804199218750e-01,8.275439143180847168e-01,-1.688609123229980469e-01,1.637340486049652100e-01,-1.360292285680770874e-01,-1.069188937544822693e-01
8.052763938903808594e-01,1.427184417843818665e-02,7.164227366447448730e-01,9.980632662773132324e-01,5.616346374154090881e-02,2.205691486597061157e-02,1.512896176427602768e-02,-3.209549486637115479e-01,-1.751011461019515991e-01,1.363989710807800293e-01,8.458310365676879883e-01,-5.358009338378906250e-01,1.229264736175537109e-01,-1.809687763452529907e-01,-3.670265674591064453e-01,-9.825795888900756836e-02,1.515849590301513672e+00,-3.618391752243041992e-01,-1.131446510553359985e-01,4.041955620050430298e-02,-1.267586797475814819e-01,1.037524193525314331e-01,1.879824846982955933e-01,5.646747946739196777e-01,-5.223163366317749023e-01,-1.649414598941802979e-01,3.937208056449890137e-01,-1.547232866287231445e-01,5.475797057151794434e-01,-8.150884509086608887e-02,-3.505527079105377197e-01,7.908264994621276855e-01,-1.015428602695465088e-01,1.682845801115036011e-01,-1.241867095232009888e-01,-1.228061616420745850e-01
8.664646148681640625e-01,1.548776775598526001e-02,7.244529724121093750e-01,9.984592795372009277e-01,4.464938864111900330e-02,2.902050875127315521e-02,1.559729222208261490e-02,-1.940921396017074585e-01,-1.578682959079742432e-01,1.105251088738441467e-01,7.615676522254943848e-01,-5.564738512039184570e-01,1.067562699317932129e-01,-3.591091632843017578e-01,-3.126854300498962402e-01,-7.902555167675018311e-02,1.503293752670288086e+00,-3.954108357429504395e-01,-1.233446598052978516e-01,-3.731237724423408508e-02,-1.091830655932426453e-01,9.398589283227920532e-02,6.902427971363067627e-02,5.370572209358215332e-01,-5.124576091766357422e-01,-2.479809671640396118e-01,4.023774266242980957e-01,-1.725155860185623169e-01,5.455331206321716309e-01,3.105521388351917267e-02,-4.156586527824401855e-01,7.507434487342834473e-01,-1.547441929578781128e-01,1.791612058877944946e-01,-1.340755969285964966e-01,-1.218957081437110901e-01
9.339985251426696777e-01,1.621742919087409973e-02,7.415438890457153320e-01,9.987655878067016602e-01,2.548835426568984985e-02,3.847203403711318970e-02,1.837094314396381378e-02,-6.092098727822303772e-02,-1.168592497706413269e-01,7.368840277194976807e-02,6.331327557563781738e-01,-4.772688746452331543e-01,8.758480101823806763e-02,-4.804631769657135010e-01,-2.436967045068740845e-01,-1.145909130573272705e-01,1.354292511940002441e+00,-3.974876403808593750e-01,-1.224391013383865356e-01,-1.177502050995826721e-01,-7.241755723953247070e-02,7.510256767272949219e-02,-2.122982963919639587e-02,5.203112363815307617e-01,-5.002376437187194824e-01,-3.371134400367736816e-01,3.766446113586425781e-01,-1.889838725328445435e-01,5.431600809097290039e-01,1.511102616786956787e-01,-4.986366033554077148e-01,7.034648656845092773e-01,-2.462993413209915161e-01,1.659323126077651978e-01,-1.483810693025588989e-01,-1.246354281902313232e-01
1.008335709571838379e+00,1.588036306202411652e-02,7.626625299453735352e-01,9.985712766647338867e-01,1.698111649602651596e-03,5.088825896382331848e-02,1.621546223759651184e-02,5.037653818726539612e-02,-5.774614214897155762e-02,4.349216073751449585e-02,5.190457105636596680e-01,-2.999775707721710205e-01,5.071377381682395935e-02,-5.352926254272460938e-01,-1.547097116708755493e-01,-1.710292398929595947e-01,1.080520629882812500e+00,-3.536323606967926025e-01,-1.112395897507667542e-01,-1.838897019624710083e-01,-2.129549160599708557e-02,4.887817427515983582e-02,-7.580459862947463989e-02,5.158724784851074219e-01,-4.905556142330169678e-01,-4.192020297050476074e-01,3.460477292537689209e-01,-1.961906403303146362e-01,5.446305274963378906e-01,2.657120227813720703e-01,-5.778881907463073730e-01,6.499869823455810547e-01,-3.131213486194610596e-01,1.200375482439994812e-01,-1.522890180349349976e-01,-1.431135833263397217e-01
1.085057377815246582e+00,1.446455903351306915e-02,7.807688713073730469e-01,9.979093074798583984e-01,-1.725581288337707520e-02,6.145288050174713135e-02,1.013681665062904358e-02,1.433541625738143921e-01,-7.526721805334091187e-03,2.104979939758777618e-02,4.296655952930450439e-01,-6.812970340251922607e-02,-1.589497737586498260e-02,-5.187667608261108398e-01,-4.518865421414375305e-02,-1.866305768489837646e-01,6.926593780517578125e-01,-2.507823109626770020e-01,-5.664329975843429565e-02,-2.313342541456222534e-01,2.550029009580612183e-02,2.369198203086853027e-02,-9.648454189300537109e-02,5.191897153854370117e-01,-4.811598360538482666e-01,-5.042603611946105957e-01,3.131749331951141357e-01,-1.899104267358779907e-01,5.440527796745300293e-01,3.708496093750000000e-01,-6.477545499801635742e-01,5.952490568161010742e-01,-3.589750826358795166e-01,6.748230755329132080e-02,-1.535584777593612671e-01,-1.663285344839096069e-01
1.161529541015625000e+00,1.371620129793882370e-02,7.908144593238830566e-01,9.977968931198120117e-01,-7.329563144594430923e-03,6.543908268213272095e-02,8.086409419775009155e-03,2.509163022041320801e-01,-2.882133051753044128e-02,-2.539621200412511826e-03,3.182659149169921875e-01,1.750580966472625732e-01,-9.022503346204757690e-02,-4.550991356372833252e-01,-3.012116067111492157e-03,-1.526718884706497192e-01,2.834492325782775879e-01,-1.366615444421768188e-01,3.768795356154441833e-02,-2.723371684551239014e-01,1.906579360365867615e-02,-5.787936970591545105e-03,-9.350177645683288574e-02,5.381118655204772949e-01,-4.847449362277984619e-01,-6.021351218223571777e-01,2.994736135005950928e-01,-1.873139590024948120e-01,5.323001742362976074e-01,4.779821336269378662e-01,-7.078167796134948730e-01,5.351457595825195312e-01,-4.200179278850555420e-01,2.521676756441593170e-02,-1.547569185495376587e-01,-1.700273454189300537e-01
1.235351204872131348e+00,1.293137669563293457e-02,7.900066375732421875e-01,9.978841543197631836e-01,2.114018797874450684e-02,6.024720147252082825e-02,1.226595509797334671e-02,3.468523621559143066e-01,-7.014667242765426636e-02,1.514304522424936295e-02,2.709985077381134033e-01,2.947263717651367188e-01,-1.204588860273361206e-01,-4.418941736221313477e-01,-4.133329167962074280e-02,-1.164212822914123535e-01,1.192917674779891968e-01,-1.477642208337783813e-01,9.957323223352432251e-02,-3.074391186237335205e-01,-2.521379850804805756e-02,-2.416215091943740845e-02,-8.378376811742782593e-02,5.661153793334960938e-01,-4.999571740627288818e-01,-6.902908086776733398e-01,3.079494833946228027e-01,-1.946430206298828125e-01,5.084147453308105469e-01,5.666392445564270020e-01,-7.471100687980651855e-01,4.789627790451049805e-01,-4.829902350902557373e-01,3.126550465822219849e-03,-1.523071378469467163e-01,-1.608584821224212646e-01
1.306543231010437012e+00,1.186949852854013443e-02,7.844265103340148926e-01,9.982799887657165527e-01,2.654638513922691345e-02,5.096451565623283386e-02,1.161952782422304153e-02,3.630064725875854492e-01,-5.126058682799339294e-02,4.649862647056579590e-02,4.348814487457275391e-01,2.686180770397186279e-01,-9.164415299892425537e-02,-4.420368373394012451e-01,-4.712846502661705017e-02,-1.276908516883850098e-01,1.168648973107337952e-01,-1.969954073429107666e-01,8.897250145673751831e-02,-3.148067891597747803e-01,-3.255433589220046997e-02,-1.460313610732555389e-02,-5.556451529264450073e-02,5.898962616920471191e-01,-5.039894580841064453e-01,-7.363215684890747070e-01,3.386830389499664307e-01,-1.927730143070220947e-01,5.030090212821960449e-01,5.754800438880920410e-01,-7.466447949409484863e-01,4.499263465404510498e-01,-5.004135966300964355e-01,-2.712671179324388504e-03,-1.500713229179382324e-01,-1.586308777332305908e-01
1.373181104660034180e+00,9.937652386724948883e-03,7.729395627975463867e-01,9.990927577018737793e-01,1.688572205603122711e-02,3.834704682230949402e-02,7.621243130415678024e-03,3.424567878246307373e-01,6.082071457058191299e-03,7.557225972414016724e-02,6.803073287010192871e-01,1.666402220726013184e-01,-6.558182835578918457e-02,-3.965084254741668701e-01,-2.017942816019058228e-02,-1.573987156152725220e-01,1.389644443988800049e-01,-1.987776011228561401e-01,8.374346792697906494e-02,-2.970975339412689209e-01,-1.826186478137969971e-02,1.445937715470790863e-02,-9.618476964533329010e-03,6.022162437438964844e-01,-5.091518163681030273e-01,-7.219250202178955078e-01,3.654132783412933350e-01,-1.913011074066162109e-01,5.106074213981628418e-01,5.323790907859802246e-01,-7.105352282524108887e-01,4.512431025505065918e-01,-4.735716283321380615e-01,-3.061253810301423073e-03,-1.567666232585906982e-01,-1.699787229299545288e-01
1.445265769958496094e+00,6.734251976013183594e-03,7.552354335784912109e-01,9.995223879814147949e-01,-1.011956110596656799e-02,2.912899665534496307e-02,2.010021125897765160e-03,2.956314086914062500e-01,1.254362761974334717e-01,1.088470593094825745e-01,9.515621662139892578e-01,2.168274112045764923e-02,-3.242940083146095276e-02,-4.206358492374420166e-01,3.237449750304222107e-02,-1.785293668508529663e-01,3.792746663093566895e-01,-1.487009823322296143e-01,3.195657581090927124e-02,-2.584334611892700195e-01,2.960974723100662231e-02,4.760130867362022400e-02,4.847433418035507202e-02,5.920578837394714355e-01,-5.275003910064697266e-01,-6.489843130111694336e-01,3.964538276195526123e-01,-1.807606816291809082e-01,5.064822435379028320e-01,4.470843970775604248e-01,-6.399173140525817871e-01,4.687957763671875000e-01,-4.056190550327301025e-01,6.855946965515613556e-03,-1.714821606874465942e-01,-1.723722219467163086e-01
1.508779287338256836e+00,3.437843173742294312e-03,7.325290441513061523e-01,9.992938637733459473e-01,-3.415113687515258789e-02,1.558278780430555344e-02,-1.650552498176693916e-03,2.300291806459426880e-01,2.618765532970428467e-01,1.311403214931488037e-01,1.214439153671264648e+00,-1.117451563477516174e-01,1.998417265713214874e-02,-4.663855731487274170e-01,7.051861286163330078e-02,-2.025910764932632446e-01,7.317453622817993164e-01,-3.437413871288299561e-01,-1.062393784523010254e-01,-2.125171273946762085e-01,6.940583139657974243e-02,9.693028777837753296e-02,1.108320727944374084e-01,5.683700442314147949e-01,-5.379723310470581055e-01,-4.990665316581726074e-01,4.442571401596069336e-01,-1.630597114562988281e-01,4.935751855373382568e-01,3.296006023883819580e-01,-5.632770061492919922e-01,5.173200964927673340e-01,-3.212200105190277100e-01,3.855495899915695190e-02,-1.681117117404937744e-01,-1.743994951248168945e-01
1.569885969161987305e+00,2.262393012642860413e-03,7.192162871360778809e-01,9.986798167228698730e-01,-5.023128911852836609e-02,1.065259519964456558e-02,1.362348091788589954e-03,8.176915347576141357e-02,3.384982645511627197e-01,8.679436892271041870e-02,1.445378780364990234e+00,-2.269505262374877930e-01,7.631120085716247559e-02,-3.936972320079803467e-01,9.961416572332382202e-02,-2.303437441587448120e-01,8.409891724586486816e-01,-4.974989891052246094e-01,-1.177498996257781982e-01,-1.617963612079620361e-01,1.000302284955978394e-01,1.319515556097030640e-01,1.815431267023086548e-01,5.283722281455993652e-01,-5.429313182830810547e-01,-2.852643132209777832e-01,5.089527368545532227e-01,-1.235434785485267639e-01,4.929498732089996338e-01,1.631723344326019287e-01,-4.838001430034637451e-01,5.911583900451660156e-01,-2.371403425931930542e-01,4.437135532498359680e-02,-1.466066241264343262e-01,-1.861573010683059692e-01
1.632743597030639648e+00,3.107732161879539490e-03,7.177654504776000977e-01,9.985669851303100586e-01,-5.059788376092910767e-02,1.559325587004423141e-02,7.791216950863599777e-03,-1.187479570508003235e-01,3.371954560279846191e-01,4.094953835010528564e-02,1.571167230606079102e+00,-3.087466359138488770e-01,1.249845176935195923e-01,-2.760773003101348877e-01,1.054042875766754150e-01,-2.312643080949783325e-01,8.211284279823303223e-01,-5.835276246070861816e-01,-1.035411879420280457e-01,-9.811594337224960327e-02,1.088553890585899353e-01,1.320727467536926270e-01,2.599712312221527100e-01,5.150320529937744141e-01,-5.476234555244445801e-01,-1.622346192598342896e-01,5.146880149841308594e-01,-1.104777976870536804e-01,4.773908853530883789e-01,-1.296719256788492203e-02,-4.199556112289428711e-01,6.589766740798950195e-01,-2.120646536350250244e-01,-1.396731287240982056e-02,-1.211567223072052002e-01,-1.964219361543655396e-01
1.699846625328063965e+00,5.170051008462905884e-03,7.281143069267272949e-01,9.990946650505065918e-01,-3.614888712763786316e-02,2.137036062777042389e-02,6.814510561525821686e-03,-2.886380255222320557e-01,2.803341150283813477e-01,4.206290841102600098e-02,1.539454579353332520e+00,-3.374715149402618408e-01,1.559797525405883789e-01,-1.223668232560157776e-01,8.685824275016784668e-02,-2.022301554679870605e-01,6.959398984909057617e-01,-5.930752754211425781e-01,-6.920089572668075562e-02,-1.168518606573343277e-02,8.843132853507995605e-02,1.098561510443687439e-01,3.496720790863037109e-01,5.401045680046081543e-01,-5.559187531471252441e-01,-1.898638606071472168e-01,4.489380717277526855e-01,-1.289341747760772705e-01,4.536820054054260254e-01,-1.728567630052566528e-01,-3.735488951206207275e-01,7.118785381317138672e-01,-2.249301820993423462e-01,-8.322148025035858154e-02,-9.650678932666778564e-02,-2.057741731405258179e-01
1.769907355308532715e+00,8.640035986900329590e-03,7.465084195137023926e-01,9.995322823524475098e-01,-1.009433809667825699e-02,2.867407351732254028e-02,3.329972503706812859e-03,-4.002487063407897949e-01,1.795310974121093750e-01,7.417638599872589111e-02,1.357721686363220215e+00,-3.118765056133270264e-01,1.617097705602645874e-01,3.753880411386489868e-02,3.581865876913070679e-02,-1.649197638034820557e-01,5.235103964805603027e-01,-5.034912228584289551e-01,-3.143997490406036377e-02,7.505042105913162231e-02,3.865415975451469421e-02,7.667101919651031494e-02,4.365508854389190674e-01,5.790184736251831055e-01,-5.616399645805358887e-01,-2.444375604391098022e-01,3.866811394691467285e-01,-1.473087221384048462e-01,4.237946271896362305e-01,-3.042225241661071777e-01,-3.468092679977416992e-01,7.608518600463867188e-01,-2.338938564062118530e-01,-1.280097365379333496e-01,-7.153490185737609863e-02,-2.204155772924423218e-01
1.841526746749877930e+00,1.325304061174392700e-02,7.674636840820312500e-01,9.990668892860412598e-01,1.471790112555027008e-02,4.059711471199989319e-02,-7.350537925958633423e-04,-4.630151987075805664e-01,7.669071108102798462e-02,1.031862273812294006e-01,1.057504534721374512e+00,-2.566222250461578369e-01,1.448296308517456055e-01,1.464416831731796265e-01,-2.456812374293804169e-02,-1.320298016071319580e-01,4.080986678600311279e-01,-3.134723603725433350e-01,9.668465703725814819e-03,1.483113765716552734e-01,-1.286234613507986069e-02,3.870855644345283508e-02,5.171452164649963379e-01,6.060717701911926270e-01,-5.475701689720153809e-01,-2.849216461181640625e-01,3.475482463836669922e-01,-1.500608921051025391e-01,4.023688435554504395e-01,-4.104269146919250488e-01,-3.436179161071777344e-01,8.035218715667724609e-01,-2.394250482320785522e-01,-1.500565707683563232e-01,-5.126929283142089844e-02,-2.370443493127822876e-01
1.914976954460144043e+00,1.795279420912265778e-02,7.844767570495605469e-01,9.983643889427185059e-01,2.371138148009777069e-02,5.186938494443893433e-02,-3.982607275247573853e-03,-4.651925265789031982e-01,1.481881551444530487e-02,1.094896718859672546e-01,6.721714735031127930e-01,-1.882388740777969360e-01,9.915123134851455688e-02,2.125438004732131958e-01,-5.014022067189216614e-02,-1.030872911214828491e-01,3.648420572280883789e-01,-8.169814199209213257e-02,4.835951700806617737e-02,2.004007846117019653e-01,-3.733465075492858887e-02,2.981370082125067711e-03,5.971413254737854004e-01,6.201171875000000000e-01,-5.161117315292358398e-01,-3.174836933612823486e-01,3.236703872680664062e-01,-1.468444317579269409e-01,3.906533122062683105e-01,-4.901246726512908936e-01,-3.482416868209838867e-01,8.258742094039916992e-01,-2.585518062114715576e-01,-1.362437009811401367e-01,-4.350947961211204529e-02,-2.494296282529830933e-01
1.991177320480346680e+00,2.093186974525451660e-02,7.929770350456237793e-01,9.985139369964599609e-01,7.930701598525047302e-03,5.354894325137138367e-02,-6.284700706601142883e-03,-4.194168150424957275e-01,1.671712473034858704e-02,9.930051863193511963e-02,2.878994345664978027e-01,-1.161253452301025391e-01,4.219625517725944519e-02,2.871201634407043457e-01,-1.810897327959537506e-02,-1.015798002481460571e-01,3.453205823898315430e-01,1.218022927641868591e-01,7.048179954290390015e-02,2.303768247365951538e-01,-1.404982060194015503e-02,-2.486978843808174133e-02,6.696260571479797363e-01,6.257871389389038086e-01,-4.774123728275299072e-01,-3.565464019775390625e-01,3.073968887329101562e-01,-1.397495567798614502e-01,3.718346953392028809e-01,-5.262280702590942383e-01,-3.441303372383117676e-01,8.192617893218994141e-01,-2.932955622673034668e-01,-9.514330327510833740e-02,-5.695537850260734558e-02,-2.600171864032745361e-01
2.068716049194335938e+00,2.419778518378734589e-02,7.917191982269287109e-01,9.987962841987609863e-01,-1.139052212238311768e-02,4.718073084950447083e-02,-7.080297451466321945e-03,-4.019253253936767578e-01,4.015047848224639893e-02,8.435183763504028320e-02,1.076338514685630798e-01,-1.099985167384147644e-01,1.698164828121662140e-02,3.429115116596221924e-01,-3.413234371691942215e-03,-1.616115272045135498e-01,4.204751551151275635e-01,1.943555772304534912e-01,5.431746691465377808e-02,2.342245280742645264e-01,1.758356578648090363e-02,-3.120489604771137238e-02,7.304656505584716797e-01,6.278946399688720703e-01,-4.410346150398254395e-01,-3.980593383312225342e-01,3.032634854316711426e-01,-1.283373683691024780e-01,3.610707521438598633e-01,-5.222978591918945312e-01,-3.319377601146697998e-01,8.005362749099731445e-01,-3.384182751178741455e-01,-4.220002889633178711e-02,-8.471216261386871338e-02,-2.520110309123992920e-01
2.142904520034790039e+00,2.998850122094154358e-02,7.836808562278747559e-01,9.992116093635559082e-01,-9.877606295049190521e-03,3.845091909170150757e-02,-2.731383719947189093e-04,-4.048691391944885254e-01,1.643098145723342896e-02,8.338259160518646240e-02,1.181349083781242371e-01,-9.824600815773010254e-02,4.462397843599319458e-02,3.437584042549133301e-01,-7.141362875699996948e-02,-2.676894962787628174e-01,6.273105144500732422e-01,1.262556463479995728e-01,-2.107979543507099152e-02,2.131880521774291992e-01,9.537453763186931610e-03,-1.144884806126356125e-02,7.339469790458679199e-01,6.311863064765930176e-01,-4.259077012538909912e-01,-4.092305600643157959e-01,3.012978136539459229e-01,-1.202641874551773071e-01,3.677134513854980469e-01,-4.677439332008361816e-01,-3.208138942718505859e-01,7.870015501976013184e-01,-3.784678280353546143e-01,6.400131620466709137e-03,-1.046663597226142883e-01,-2.336268126964569092e-01
2.210092306137084961e+00,3.764908388257026672e-02,7.688639163970947266e-01,9.994038939476013184e-01,1.327592600136995316e-02,3.014547005295753479e-02,1.033624820411205292e-02,-4.506836235523223877e-01,-4.653181508183479309e-02,9.845779091119766235e-02,3.469578921794891357e-01,-6.359898298978805542e-02,1.091937795281410217e-01,3.036122620105743408e-01,-2.035096138715744019e-01,-3.428329825401306152e-01,8.926040530204772949e-01,1.003216020762920380e-03,-7.797030359506607056e-02,1.760453730821609497e-01,-3.910066559910774231e-02,2.027994021773338318e-02,6.726726293563842773e-01,6.372458934783935547e-01,-4.369049072265625000e-01,-3.812800347805023193e-01,3.031287789344787598e-01,-1.247678995132446289e-01,3.912516236305236816e-01,-3.934858441352844238e-01,-3.157635629177093506e-01,7.827348709106445312e-01,-3.763127028942108154e-01,3.374273702502250671e-02,-1.151976436376571655e-01,-1.941566914319992065e-01
2.274564743041992188e+00,4.352762177586555481e-02,7.470459938049316406e-01,9.991286396980285645e-01,3.320928290486335754e-02,1.757046580314636230e-02,1.817739568650722504e-02,-4.868327379226684570e-01,-8.587815612554550171e-02,1.175140812993049622e-01,6.598669290542602539e-01,-1.964066773653030396e-01,1.345975697040557861e-01,2.306069433689117432e-01,-3.036462962627410889e-01,-3.274047970771789551e-01,1.149153470993041992e+00,-1.224358305335044861e-01,-1.047946438193321228e-01,1.323715597391128540e-01,-8.206941187381744385e-02,5.995571613311767578e-02,5.634537935256958008e-01,6.491905450820922852e-01,-4.772559702396392822e-01,-3.351613283157348633e-01,3.087576031684875488e-01,-1.348851621150970459e-01,4.230608940124511719e-01,-3.184251487255096436e-01,-3.173958659172058105e-01,7.760723233222961426e-01,-3.220168352127075195e-01,4.384275525808334351e-02,-1.195841953158378601e-01,-1.485327780246734619e-01
2.336295843124389648e+00,4.717082157731056213e-02,7.300593256950378418e-01,9.986245036125183105e-01,4.819943755865097046e-02,1.033193524926900864e-02,1.786602847278118134e-02,-4.508551657199859619e-01,-1.157335788011550903e-01,1.368200033903121948e-01,8.364225029945373535e-01,-3.665107190608978271e-01,1.379102915525436401e-01,8.580441027879714966e-02,-3.534421324729919434e-01,-2.390451729297637939e-01,1.362727880477905273e+00,-2.217853814363479614e-01,-1.064399480819702148e-01,8.823654055595397949e-02,-1.147726327180862427e-01,8.809961378574371338e-02,4.150723218917846680e-01,6.463618874549865723e-01,-5.256015062332153320e-01,-2.781668603420257568e-01,3.285465240478515625e-01,-1.338015347719192505e-01,4.603590667247772217e-01,-2.241973131895065308e-01,-3.257309794425964355e-01,7.615128755569458008e-01,-2.332025319337844849e-01,1.512026228010654449e-02,-1.132524237036705017e-01,-1.254620701074600220e-01
2.399031639099121094e+00,4.999766871333122253e-02,7.229463458061218262e-01,9.984270930290222168e-01,5.390081927180290222e-02,1.157569698989391327e-02,1.019890047609806061e-02,-3.594318032264709473e-01,-1.282016336917877197e-01,1.503571271896362305e-01,8.722122311592102051e-01,-4.843397438526153564e-01,1.212946698069572449e-01,-1.022170856595039368e-01,-3.457372486591339111e-01,-1.424540430307388306e-01,1.496329784393310547e+00,-2.970635592937469482e-01,-1.106493249535560608e-01,4.364033043384552002e-02,-1.297224014997482300e-01,9.473878145217895508e-02,2.674802243709564209e-01,6.224870085716247559e-01,-5.401103496551513672e-01,-2.631528973579406738e-01,3.750950396060943604e-01,-1.294580698013305664e-01,4.780687093734741211e-01,-1.235839873552322388e-01,-3.447768688201904297e-01,7.453483939170837402e-01,-1.589909493923187256e-01,-1.494342088699340820e-02,-1.027276217937469482e-01,-1.406246125698089600e-01
2.463788747787475586e+00,5.163305252790451050e-02,7.273011207580566406e-01,9.986284375190734863e-01,4.956455901265144348e-02,1.470040809363126755e-02,8.275368250906467438e-03,-2.317747473716735840e-01,-1.273510754108428955e-01,1.427439749240875244e-01,8.108324408531188965e-01,-5.323774814605712891e-01,9.721135348081588745e-02,-2.762464880943298340e-01,-3.037409484386444092e-01,-9.935723990201950073e-02,1.510626554489135742e+00,-3.488118052482604980e-01,-1.186762079596519470e-01,-2.023468725383281708e-02,-1.270946115255355835e-01,8.863001316785812378e-02,1.425045430660247803e-01,5.863451957702636719e-01,-5.198561549186706543e-01,-3.086014986038208008e-01,3.907774984836578369e-01,-1.414652913808822632e-01,4.767631888389587402e-01,-1.157898455858230591e-02,-3.845040798187255859e-01,7.270503044128417969e-01,-1.693011373281478882e-01,1.235446240752935410e-02,-1.161003932356834412e-01,-1.477242708206176758e-01
2.530919551849365234e+00,5.167455598711967468e-02,7.421685457229614258e-01,9.990967512130737305e-01,3.606102615594863892e-02,1.871833018958568573e-02,1.244454924017190933e-02,-8.730261772871017456e-02,-1.051527485251426697e-01,1.116248741745948792e-01,6.906256675720214844e-01,-4.819274246692657471e-01,6.911410391330718994e-02,-3.988490700721740723e-01,-2.630845904350280762e-01,-1.287116259336471558e-01,1.392280578613281250e+00,-3.741810023784637451e-01,-1.353588849306106567e-01,-9.610401839017868042e-02,-1.031653210520744324e-01,7.137514650821685791e-02,4.360252991318702698e-02,5.484513640403747559e-01,-4.924226701259613037e-01,-3.704844415187835693e-01,3.593986630439758301e-01,-1.628098040819168091e-01,4.759410321712493896e-01,1.107403114438056946e-01,-4.424030482769012451e-01,6.994799375534057617e-01,-2.313041985034942627e-01,4.912831261754035950e-02,-1.434297263622283936e-01,-1.402204334735870361e-01
2.601337432861328125e+00,5.030855536460876465e-02,7.627476453781127930e-01,9.994215965270996094e-01,1.730374805629253387e-02,2.492333762347698212e-02,1.535777840763330460e-02,4.579222574830055237e-02,-6.260414421558380127e-02,7.503920048475265503e-02,5.611987113952636719e-01,-3.300229907035827637e-01,2.793309651315212250e-02,-4.613108336925506592e-01,-2.010023444890975952e-01,-1.894280910491943359e-01,1.150541305541992188e+00,-3.595684766769409180e-01,-1.407978534698486328e-01,-1.626411676406860352e-01,-6.433441489934921265e-02,4.575707390904426575e-02,-2.981302887201309204e-02,5.229050517082214355e-01,-4.822875261306762695e-01,-4.273107647895812988e-01,3.153192400932312012e-01,-1.784776747226715088e-01,4.775152504444122314e-01,2.287849485874176025e-01,-5.013021230697631836e-01,6.588923931121826172e-01,-2.880273163318634033e-01,4.688654094934463501e-02,-1.567462980747222900e-01,-1.403008550405502319e-01
2.672770977020263672e+00,4.808373004198074341e-02,7.818965911865234375e-01,9.993744492530822754e-01,-2.020915970206260681e-03,3.164921328425407410e-02,1.564927212893962860e-02,1.502007544040679932e-01,-1.150764711201190948e-02,4.597174748778343201e-02,4.646919667720794678e-01,-1.282693147659301758e-01,-3.332499414682388306e-02,-4.635133147239685059e-01,-9.747418761253356934e-02,-2.190679758787155151e-01,7.948530316352844238e-01,-2.813849151134490967e-01,-1.024700477719306946e-01,-2.139451056718826294e-01,-2.072842791676521301e-02,1.975551247596740723e-02,-7.701422274112701416e-02,5.121244788169860840e-01,-4.845475554466247559e-01,-4.847190976142883301e-01,2.774197459220886230e-01,-1.787766665220260620e-01,4.793677628040313721e-01,3.348517715930938721e-01,-5.538743734359741211e-01,6.134268045425415039e-01,-3.305138647556304932e-01,2.792253717780113220e-02,-1.584385484457015991e-01,-1.536884009838104248e-01
2.744831085205078125e+00,4.613342508673667908e-02,7.946363687515258789e-01,9.992511868476867676e-01,-1.385113806463778019e-03,3.383516520261764526e-02,1.871630176901817322e-02,2.500215768814086914e-01,-6.953366100788116455e-03,1.795545034110546112e-02,3.796886801719665527e-01,9.866155683994293213e-02,-9.187781065702438354e-02,-4.198089241981506348e-01,-1.577416807413101196e-02,-1.753930598497390747e-01,3.801159560680389404e-01,-1.619689762592315674e-01,-1.415575947612524033e-02,-2.542889714241027832e-01,-1.368283946067094803e-02,-8.296407759189605713e-03,-1.105784699320793152e-01,5.208954811096191406e-01,-4.998785853385925293e-01,-5.521062612533569336e-01,2.619869112968444824e-01,-1.770235300064086914e-01,4.776734411716461182e-01,4.379012286663055420e-01,-6.009209156036376953e-01,5.578949451446533203e-01,-3.849604427814483643e-01,5.515492986887693405e-03,-1.591980457305908203e-01,-1.623850762844085693e-01
2.812819719314575195e+00,4.493889957666397095e-02,7.974070310592651367e-01,9.988806247711181641e-01,2.575971744954586029e-02,2.809723839163780212e-02,2.800756134092807770e-02,3.423302769660949707e-01,-4.636956378817558289e-02,1.857038587331771851e-02,3.313743770122528076e-01,2.581224739551544189e-01,-1.146136894822120667e-01,-3.964075744152069092e-01,-4.540605470538139343e-02,-1.456497907638549805e-01,1.347104907035827637e-01,-1.153666228055953979e-01,5.010094493627548218e-02,-2.858306467533111572e-01,-5.792591720819473267e-02,-3.178337216377258301e-02,-1.408336907625198364e-01,5.451394915580749512e-01,-5.229775905609130859e-01,-6.224250793457031250e-01,2.655170261859893799e-01,-1.821873635053634644e-01,4.608376324176788330e-01,5.403894186019897461e-01,-6.374617815017700195e-01,5.014590024948120117e-01,-4.536247849464416504e-01,-1.350976061075925827e-02,-1.540344506502151489e-01,-1.644923090934753418e-01
2.881220579147338867e+00,4.390033334493637085e-02,7.933163642883300781e-01,9.983267784118652344e-01,4.280027747154235840e-02,1.763329096138477325e-02,3.465455397963523865e-02,3.872320055961608887e-01,-4.843484237790107727e-02,4.234307259321212769e-02,4.206813275814056396e-01,2.980538904666900635e-01,-9.620023518800735474e-02,-4.094440639019012451e-01,-8.870631456375122070e-02,-1.777852028608322144e-01,1.114634647965431213e-01,-1.596999615430831909e-01,5.773534625768661499e-02,-2.956050038337707520e-01,-8.455525338649749756e-02,-3.632932901382446289e-02,-1.585009694099426270e-01,5.677863359451293945e-01,-5.342829823493957520e-01,-6.771413087844848633e-01,2.882539927959442139e-01,-1.846699863672256470e-01,4.516808986663818359e-01,5.946552157402038574e-01,-6.528804302215576172e-01,4.579045474529266357e-01,-4.982251822948455811e-01,-2.871859259903430939e-02,-1.463755071163177490e-01,-1.640606820583343506e-01
2.950016260147094727e+00,4.277376085519790649e-02,7.832947373390197754e-01,9.986435770988464355e-01,3.886889293789863586e-02,5.507246591150760651e-03,3.420494869351387024e-02,3.918794691562652588e-01,-3.236543154343962669e-03,6.883112341165542603e-02,6.133130192756652832e-01,2.290532737970352173e-01,-8.138281106948852539e-02,-3.879109025001525879e-01,-9.165168553590774536e-02,-2.406098991632461548e-01,1.282492130994796753e-01,-1.817720979452133179e-01,3.341881558299064636e-02,-2.808750867843627930e-01,-7.353539019823074341e-02,-1.928632333874702454e-02,-1.447794884443283081e-01,5.792661309242248535e-01,-5.276588797569274902e-01,-6.964687108993530273e-01,3.149004876613616943e-01,-1.825821548700332642e-01,4.581549763679504395e-01,5.926600694656372070e-01,-6.475214958190917969e-01,4.442261457443237305e-01,-4.989944994449615479e-01,-4.366841539740562439e-02,-1.451934725046157837e-01,-1.663442999124526978e-01
3.017653465270996094e+00,4.082575440406799316e-02,7.650288939476013184e-01,9.991796016693115234e-01,2.497822418808937073e-02,-6.581020075827836990e-03,3.119052387773990631e-02,3.738778829574584961e-01,6.996747106313705444e-02,9.519845247268676758e-02,8.349000215530395508e-01,1.234601065516471863e-01,-7.238750904798507690e-02,-3.774268627166748047e-01,-7.554533332586288452e-02,-2.777000069618225098e-01,2.582250535488128662e-01,-1.660154461860656738e-01,1.420518942177295685e-02,-2.485375255346298218e-01,-4.420483484864234924e-02,3.647314384579658508e-03,-1.027824580669403076e-01,5.741691589355468750e-01,-5.236336588859558105e-01,-6.704143881797790527e-01,3.345129787921905518e-01,-1.880937814712524414e-01,4.699945747852325439e-01,5.486608743667602539e-01,-6.218628883361816406e-01,4.515137970447540283e-01,-4.551084339618682861e-01,-5.821882560849189758e-02,-1.630263030529022217e-01,-1.766637712717056274e-01
3.085001468658447266e+00,3.768488392233848572e-02,7.413641810417175293e-01,9.994807243347167969e-01,-1.689687254838645458e-03,-1.713947765529155731e-02,2.723266184329986572e-02,3.162174820899963379e-01,1.771222203969955444e-01,9.513330459594726562e-02,1.093163728713989258e+00,-1.010150182992219925e-02,-5.702818930149078369e-02,-4.632822573184967041e-01,-4.618203639984130859e-02,-2.638319134712219238e-01,6.191715598106384277e-01,-1.717672795057296753e-01,-1.147556751966476440e-01,-2.086663693189620972e-01,1.118856854736804962e-02,3.969714418053627014e-02,-4.325542226433753967e-02,5.464796423912048340e-01,-5.201825499534606934e-01,-5.813411474227905273e-01,3.789271414279937744e-01,-1.880852133035659790e-01,4.792462885379791260e-01,4.550663232803344727e-01,-5.841435790061950684e-01,4.745163321495056152e-01,-3.687293827533721924e-01,-6.790002435445785522e-02,-1.785308718681335449e-01,-1.844138205051422119e-01
3.146255731582641602e+00,3.490476682782173157e-02,7.195014953613281250e-01,9.989134073257446289e-01,-2.694135904312133789e-02,-3.026298806071281433e-02,2.302923053503036499e-02,2.187177091836929321e-01,2.609221041202545166e-01,4.511220753192901611e-02,1.358327865600585938e+00,-1.441832184791564941e-01,-1.139866374433040619e-02,-4.588508605957031250e-01,-5.626986268907785416e-03,-2.861773669719696045e-01,8.604322671890258789e-01,-3.688912391662597656e-01,-1.560824811458587646e-01,-1.637292504310607910e-01,6.625486910343170166e-02,9.037420153617858887e-02,3.916003182530403137e-02,5.030261278152465820e-01,-5.190005302429199219e-01,-4.313600659370422363e-01,4.534669220447540283e-01,-1.712910532951354980e-01,4.867738187313079834e-01,3.031198978424072266e-01,-5.418962240219116211e-01,5.379091501235961914e-01,-2.401010096073150635e-01,-6.546968221664428711e-02,-1.734364628791809082e-01,-2.043626457452774048e-01
3.200795173645019531e+00,3.423611074686050415e-02,7.109528183937072754e-01,9.983924627304077148e-01,-3.764787316322326660e-02,-3.288698568940162659e-02,2.671122364699840546e-02,4.698173329234123230e-02,2.847230732440948486e-01,-2.292945608496665955e-02,1.556828618049621582e+00,-2.538563907146453857e-01,5.819545686244964600e-02,-3.857606947422027588e-01,1.447341870516538620e-02,-3.056826293468475342e-01,9.411521553993225098e-01,-5.021955370903015137e-01,-1.483223587274551392e-01,-1.175460666418075562e-01,9.383147209882736206e-02,1.159986630082130432e-01,1.223613917827606201e-01,4.608443081378936768e-01,-5.360915660858154297e-01,-2.441773414611816406e-01,5.389934182167053223e-01,-1.359859257936477661e-01,5.002482533454895020e-01,1.162362471222877502e-01,-4.898406863212585449e-01,6.084235906600952148e-01,-1.313743591308593750e-01,-1.085180640220642090e-01,-1.566721051931381226e-01,-2.197751849889755249e-01
3.253412723541259766e+00,3.353135287761688232e-02,7.138372659683227539e-01,9.984472990036010742e-01,-3.487132862210273743e-02,-3.110159933567047119e-02,3.032650984823703766e-02,-1.387720406055450439e-01,2.554844617843627930e-01,-6.192301213741302490e-02,1.638673067092895508e+00,-3.230223655700683594e-01,1.147308871150016785e-01,-2.782282531261444092e-01,2.068107947707176208e-02,-3.046735823154449463e-01,9.235104322433471680e-01,-5.808517336845397949e-01,-1.264636516571044922e-01,-5.774636194109916687e-02,9.250068664550781250e-02,1.202711313962936401e-01,2.192376852035522461e-01,4.597131311893463135e-01,-5.584326982498168945e-01,-1.543144136667251587e-01,5.283105373382568359e-01,-1.407271623611450195e-01,4.798770546913146973e-01,-4.275647923350334167e-02,-4.372743666172027588e-01,6.423566341400146484e-01,-1.258617341518402100e-01,-1.461234092712402344e-01,-1.348223984241485596e-01,-2.315293401479721069e-01
3.308233022689819336e+00,3.373344615101814270e-02,7.269018292427062988e-01,9.989364147186279297e-01,-2.370452508330345154e-02,-2.977816201746463776e-02,2.602742798626422882e-02,-2.909602820873260498e-01,2.116753011941909790e-01,-4.529159888625144958e-02,1.572559595108032227e+00,-3.336790204048156738e-01,1.543743163347244263e-01,-1.398111730813980103e-01,2.119877934455871582e-02,-2.830966413021087646e-01,8.166586160659790039e-01,-5.970960855484008789e-01,-8.928546309471130371e-02,1.897407509386539459e-02,7.199792563915252686e-02,1.105478331446647644e-01,3.274802267551422119e-01,4.903521835803985596e-01,-5.653719305992126465e-01,-1.673781424760818481e-01,4.406810402870178223e-01,-1.588378846645355225e-01,4.345530867576599121e-01,-1.797133088111877441e-01,-3.854236900806427002e-01,6.696949601173400879e-01,-1.518495231866836548e-01,-1.317269504070281982e-01,-1.079296767711639404e-01,-2.398579269647598267e-01
3.364926815032958984e+00,3.599162399768829346e-02,7.466518282890319824e-01,9.994860291481018066e-01,-4.058517049998044968e-03,-2.605490572750568390e-02,1.823057234287261963e-02,-3.843298256397247314e-01,1.486202180385589600e-01,1.029373239725828171e-02,1.376876950263977051e+00,-2.916621267795562744e-01,1.769420355558395386e-01,3.463266650214791298e-03,-3.030740655958652496e-03,-2.549301385879516602e-01,6.621618270874023438e-01,-5.415298938751220703e-01,-4.927313327789306641e-02,9.957431256771087646e-02,3.338195011019706726e-02,9.056596457958221436e-02,4.358133971691131592e-01,5.307698845863342285e-01,-5.567575693130493164e-01,-1.966562271118164062e-01,3.725103437900543213e-01,-1.668913215398788452e-01,3.919371962547302246e-01,-2.954175174236297607e-01,-3.507036566734313965e-01,7.172082662582397461e-01,-1.622350811958312988e-01,-1.187574118375778198e-01,-8.325434476137161255e-02,-2.479308694601058960e-01
3.422717332839965820e+00,4.021007567644119263e-02,7.685303688049316406e-01,9.996609687805175781e-01,1.505945529788732529e-02,-1.941132918000221252e-02,8.629187010228633881e-03,-4.241692125797271729e-01,8.655228465795516968e-02,7.708524912595748901e-02,1.079237341880798340e+00,-2.040515094995498657e-01,1.739163994789123535e-01,1.223039105534553528e-01,-3.995005786418914795e-02,-2.269371747970581055e-01,5.234397649765014648e-01,-4.103696942329406738e-01,-7.034791167825460434e-03,1.721576452255249023e-01,-3.762307809665799141e-03,6.437779963016510010e-02,5.393673181533813477e-01,5.635241866111755371e-01,-5.280956625938415527e-01,-2.169820070266723633e-01,3.402788639068603516e-01,-1.597935408353805542e-01,3.679255843162536621e-01,-3.881350457668304443e-01,-3.406430184841156006e-01,7.781033515930175781e-01,-1.647614091634750366e-01,-1.174590438604354858e-01,-6.636748462915420532e-02,-2.526766061782836914e-01
3.484546184539794922e+00,4.476160556077957153e-02,7.872518897056579590e-01,9.995910525321960449e-01,2.644916437566280365e-02,-1.087628491222858429e-02,1.277001683774869889e-05,-4.185824394226074219e-01,2.593285217881202698e-02,1.157722398638725281e-01,7.000705003738403320e-01,-4.875466972589492798e-02,1.247098520398139954e-01,2.038803249597549438e-01,-6.809809803962707520e-02,-1.989763826131820679e-01,4.407095909118652344e-01,-2.302963137626647949e-01,4.060036689043045044e-02,2.262258380651473999e-01,-2.813362330198287964e-02,3.276870772242546082e-02,6.383650898933410645e-01,5.877600312232971191e-01,-4.867300987243652344e-01,-2.390928566455841064e-01,3.272391557693481445e-01,-1.468361765146255493e-01,3.645812571048736572e-01,-4.569230675697326660e-01,-3.452130258083343506e-01,8.370375037193298340e-01,-1.744708269834518433e-01,-1.177891045808792114e-01,-5.524496361613273621e-02,-2.485566288232803345e-01
3.549598693847656250e+00,4.805653914809226990e-02,7.977774143218994141e-01,9.997612237930297852e-01,2.012880146503448486e-02,-5.939054302871227264e-03,-6.093369796872138977e-03,-3.815785050392150879e-01,1.798523124307394028e-03,1.386469006538391113e-01,3.241345584392547607e-01,1.065874248743057251e-01,6.546025723218917847e-02,2.705907821655273438e-01,-5.886074900627136230e-02,-1.882607638835906982e-01,4.071308970451354980e-01,-5.673788487911224365e-02,8.441196382045745850e-02,2.539835572242736816e-01,-2.007487230002880096e-02,2.553003607317805290e-03,7.264928221702575684e-01,6.115986704826354980e-01,-4.443996846675872803e-01,-2.718204855918884277e-01,3.279281854629516602e-01,-1.422867774963378906e-01,3.701885044574737549e-01,-5.070107579231262207e-01,-3.514330089092254639e-01,8.828095793724060059e-01,-1.960507035255432129e-01,-1.004820540547370911e-01,-5.969263240694999695e-02,-2.439009100198745728e-01
3.612842321395874023e+00,5.187851563096046448e-02,7.994220852851867676e-01,9.999237656593322754e-01,-5.526818567886948586e-04,-6.084712687879800797e-03,-1.072959601879119873e-02,-3.551906347274780273e-01,3.138243034482002258e-02,1.713580191135406494e-01,1.056383848190307617e-01,1.681165993213653564e-01,2.355125732719898224e-02,3.198655545711517334e-01,-3.862102702260017395e-02,-2.307652235031127930e-01,4.469531476497650146e-01,5.636217817664146423e-02,8.610025793313980103e-02,2.567847967147827148e-01,1.656624861061573029e-02,-1.827682927250862122e-02,7.965412735939025879e-01,6.336499452590942383e-01,-4.148341715335845947e-01,-3.146474063396453857e-01,3.291630148887634277e-01,-1.348902732133865356e-01,3.691018223762512207e-01,-5.302538275718688965e-01,-3.528608083724975586e-01,9.020435810089111328e-01,-2.289440929889678955e-01,-7.683562487363815308e-02,-7.279515266418457031e-02,-2.334544956684112549e-01
3.672716617584228516e+00,5.780505761504173279e-02,7.930545806884765625e-01,9.998261928558349609e-01,-8.159163407981395721e-03,-1.263928879052400589e-02,-1.101108919829130173e-02,-3.541809916496276855e-01,3.716889768838882446e-02,1.906767189502716064e-01,9.352532029151916504e-02,2.050070315599441528e-01,1.566452905535697937e-02,3.209542334079742432e-01,-8.364197611808776855e-02,-3.012048006057739258e-01,6.262784600257873535e-01,5.031685158610343933e-02,2.320713363587856293e-02,2.413999140262603760e-01,2.998476661741733551e-02,-1.238121837377548218e-02,8.291804790496826172e-01,6.538861393928527832e-01,-4.039956927299499512e-01,-3.467973768711090088e-01,3.286089301109313965e-01,-1.272795498371124268e-01,3.781025111675262451e-01,-5.158104300498962402e-01,-3.534716069698333740e-01,9.080950021743774414e-01,-2.668209373950958252e-01,-5.512102693319320679e-02,-8.297206461429595947e-02,-2.136676162481307983e-01
3.727991342544555664e+00,6.473793834447860718e-02,7.794116735458374023e-01,9.997112154960632324e-01,3.449263051152229309e-03,-2.292696572840213776e-02,-6.325331516563892365e-03,-3.787159323692321777e-01,1.302231103181838989e-02,2.063604444265365601e-01,2.525974512100219727e-01,2.355284541845321655e-01,1.012518554925918579e-01,3.046460747718811035e-01,-1.955559998750686646e-01,-3.717287182807922363e-01,8.553302884101867676e-01,-3.354427590966224670e-02,-4.947040975093841553e-02,2.105244547128677368e-01,6.452807690948247910e-03,1.120773982256650925e-02,8.063793778419494629e-01,6.706448793411254883e-01,-4.115248918533325195e-01,-3.405432999134063721e-01,3.302727043628692627e-01,-1.276984363794326782e-01,4.009881019592285156e-01,-4.757764935493469238e-01,-3.542885482311248779e-01,9.070505499839782715e-01,-2.848407626152038574e-01,-4.696150124073028564e-02,-8.672916144132614136e-02,-1.756692677736282349e-01
3.780734539031982422e+00,7.058627903461456299e-02,7.586492896080017090e-01,9.991617202758789062e-01,1.434282399713993073e-02,-3.834261745214462280e-02,1.752113457769155502e-04,-3.605097830295562744e-01,-3.729328978806734085e-03,2.250041216611862183e-01,4.674148559570312500e-01,-4.942367598414421082e-02,1.431027650833129883e-01,2.930239140987396240e-01,-3.030600845813751221e-01,-4.059025645256042480e-01,1.069508194923400879e+00,-1.330410540103912354e-01,-1.007180064916610718e-01,1.668764650821685791e-01,-1.471107359975576401e-02,4.219639301300048828e-02,7.407913208007812500e-01,6.830859184265136719e-01,-4.439408183097839355e-01,-3.168820738792419434e-01,3.286460340023040771e-01,-1.217478960752487183e-01,4.135419428348541260e-01,-4.096713960170745850e-01,-3.607532083988189697e-01,8.865045905113220215e-01,-2.779133617877960205e-01,-5.042427405714988708e-02,-8.921032398939132690e-02,-1.337967365980148315e-01
3.827916145324707031e+00,7.586631178855895996e-02,7.360396981239318848e-01,9.983860850334167480e-01,3.511597216129302979e-02,-4.389842972159385681e-02,8.063287474215030670e-03,-3.792164325714111328e-01,-3.948403149843215942e-02,2.390441596508026123e-01,6.937691569328308105e-01,-2.241743803024291992e-01,1.720108389854431152e-01,2.003996819257736206e-01,-3.995842635631561279e-01,-3.395999372005462646e-01,1.295890331268310547e+00,-2.519617676734924316e-01,-1.224338561296463013e-01,1.169286593794822693e-01,-5.745198205113410950e-02,7.183177769184112549e-02,6.192271113395690918e-01,6.853010058403015137e-01,-4.853563010692596436e-01,-2.681821286678314209e-01,3.336020112037658691e-01,-1.176128685474395752e-01,4.475432038307189941e-01,-3.313528299331665039e-01,-3.755953013896942139e-01,8.434373736381530762e-01,-2.394339889287948608e-01,-8.083704859018325806e-02,-9.288139641284942627e-02,-9.395340830087661743e-02
3.871762752532958984e+00,7.931364327669143677e-02,7.240550518035888672e-01,9.969784617424011230e-01,6.189269199967384338e-02,-4.490752890706062317e-02,1.365629211068153381e-02,-3.453257977962493896e-01,-1.021896749734878540e-01,2.550069093704223633e-01,7.813345193862915039e-01,-3.326417207717895508e-01,1.668733805418014526e-01,4.443532973527908325e-02,-4.341561794281005859e-01,-1.970700025558471680e-01,1.453216314315795898e+00,-3.554083406925201416e-01,-9.934359788894653320e-02,7.500477135181427002e-02,-1.117524281144142151e-01,9.661249816417694092e-02,4.425103664398193359e-01,6.699424982070922852e-01,-5.402796864509582520e-01,-1.943607777357101440e-01,3.689718246459960938e-01,-1.172103434801101685e-01,4.800615608692169189e-01,-2.162952572107315063e-01,-3.902862370014190674e-01,7.822352051734924316e-01,-1.860613226890563965e-01,-1.367015242576599121e-01,-7.920282334089279175e-02,-8.101329207420349121e-02
3.914039850234985352e+00,8.129234611988067627e-02,7.219904065132141113e-01,9.966760277748107910e-01,6.479782611131668091e-02,-4.813072830438613892e-02,1.102863065898418427e-02,-2.761148512363433838e-01,-1.118210107088088989e-01,2.565817236900329590e-01,8.115749955177307129e-01,-4.183694124221801758e-01,1.414128243923187256e-01,-1.084398999810218811e-01,-4.047508835792541504e-01,-1.011286675930023193e-01,1.522753596305847168e+00,-4.195693135261535645e-01,-1.164891421794891357e-01,3.503953292965888977e-02,-1.146359369158744812e-01,1.125101074576377869e-01,2.923588752746582031e-01,6.341072320938110352e-01,-5.479009151458740234e-01,-1.644437462091445923e-01,4.192999005317687988e-01,-1.060054972767829895e-01,4.735786616802215576e-01,-8.618677407503128052e-02,-3.958882391452789307e-01,7.120803594589233398e-01,-1.472656577825546265e-01,-1.391505151987075806e-01,-7.052807509899139404e-02,-1.090545356273651123e-01
3.956510305404663086e+00,8.082369714975357056e-02,7.274987697601318359e-01,9.969258904457092285e-01,6.026592478156089783e-02,-4.856900498270988464e-02,1.216011960059404373e-02,-1.893976032733917236e-01,-1.106847152113914490e-01,2.455427348613739014e-01,7.770776152610778809e-01,-4.580458700656890869e-01,1.157374009490013123e-01,-2.432711422443389893e-01,-3.683099150657653809e-01,-7.074620574712753296e-02,1.497192144393920898e+00,-4.522227048873901367e-01,-1.415654718875885010e-01,-1.717993244528770447e-02,-1.046465560793876648e-01,1.173069849610328674e-01,1.764702647924423218e-01,5.958161950111389160e-01,-5.306850075721740723e-01,-1.886616796255111694e-01,4.272459447383880615e-01,-1.003959178924560547e-01,4.476659893989562988e-01,4.002151638269424438e-02,-4.078918993473052979e-01,6.520494818687438965e-01,-1.721286028623580933e-01,-9.676796942949295044e-02,-7.978507876396179199e-02,-1.191298365592956543e-01
3.998338460922241211e+00,7.957338541746139526e-02,7.381640076637268066e-01,9.975454807281494141e-01,4.988128691911697388e-02,-4.577919468283653259e-02,1.786323823034763336e-02,-9.936597943305969238e-02,-9.546012431383132935e-02,2.245077341794967651e-01,7.054915428161621094e-01,-4.599904417991638184e-01,9.113257378339767456e-02,-3.425337076187133789e-01,-3.222347795963287354e-01,-9.390125423669815063e-02,1.368365287780761719e+00,-4.535537958145141602e-01,-1.584292650222778320e-01,-7.509678602218627930e-02,-8.588115125894546509e-02,1.140788868069648743e-01,7.909168303012847900e-02,5.676367282867431641e-01,-5.244958400726318359e-01,-2.390099316835403442e-01,3.917392790317535400e-01,-9.671363979578018188e-02,4.228927493095397949e-01,1.571234315633773804e-01,-4.245971143245697021e-01,5.979225039482116699e-01,-2.308772653341293335e-01,-7.705441117286682129e-02,-9.513473510742187500e-02,-1.056571602821350098e-01
4.040055751800537109e+00,7.839030772447586060e-02,7.516120672225952148e-01,9.982100129127502441e-01,3.838187456130981445e-02,-3.967313095927238464e-02,2.301527746021747589e-02,-1.288388110697269440e-02,-6.941967457532882690e-02,2.092448323965072632e-01,6.160619854927062988e-01,-4.244463145732879639e-01,6.948980689048767090e-02,-4.007177054882049561e-01,-2.583448886871337891e-01,-1.291295588016510010e-01,1.140375852584838867e+00,-4.082527160644531250e-01,-1.381391882896423340e-01,-1.287155300378799438e-01,-6.312432885169982910e-02,1.011936217546463013e-01,-2.139640739187598228e-03,5.565476417541503906e-01,-5.336807370185852051e-01,-2.976792752742767334e-01,3.441831767559051514e-01,-8.715291321277618408e-02,4.020839035511016846e-01,2.590490281581878662e-01,-4.455153942108154297e-01,5.449427962303161621e-01,-2.889452278614044189e-01,-9.764039516448974609e-02,-9.856323897838592529e-02,-8.914133906364440918e-02
4.083496570587158203e+00,7.605148106813430786e-02,7.640044689178466797e-01,9.987011551856994629e-01,2.963536418974399567e-02,-3.197173401713371277e-02,2.637431211769580841e-02,6.198131293058395386e-02,-4.415502026677131653e-02,2.015212327241897583e-01,5.376496315002441406e-01,-3.627135455608367920e-01,4.543896764516830444e-02,-4.075890183448791504e-01,-1.834992319345474243e-01,-1.458575725555419922e-01,8.192628622055053711e-01,-3.159481883049011230e-01,-5.830426886677742004e-02,-1.691149473190307617e-01,-4.363029822707176208e-02,8.250810205936431885e-02,-7.112722098827362061e-02,5.586691498756408691e-01,-5.562895536422729492e-01,-3.618413805961608887e-01,3.074662387371063232e-01,-7.234714925289154053e-02,3.851720392704010010e-01,3.439683318138122559e-01,-4.678787887096405029e-01,4.889551699161529541e-01,-3.384710848331451416e-01,-1.349363923072814941e-01,-9.482886642217636108e-02,-7.396177202463150024e-02
4.129379272460937500e+00,7.329350709915161133e-02,7.719696760177612305e-01,9.989675879478454590e-01,2.551531046628952026e-02,-2.467028424143791199e-02,2.835786715149879456e-02,1.224195063114166260e-01,-2.590506710112094879e-02,2.026527523994445801e-01,4.999289810657501221e-01,-2.946864962577819824e-01,2.198886312544345856e-02,-3.674379587173461914e-01,-1.269558668136596680e-01,-1.721067577600479126e-01,4.578990638256072998e-01,-2.291000336408615112e-01,2.762835472822189331e-02,-1.910128146409988403e-01,-3.272541612386703491e-02,6.203849613666534424e-02,-1.236104220151901245e-01,5.669788718223571777e-01,-5.807298421859741211e-01,-4.273507893085479736e-01,2.853238582611083984e-01,-5.717718601226806641e-02,3.708161115646362305e-01,4.181314408779144287e-01,-4.849179089069366455e-01,4.319756627082824707e-01,-3.815420567989349365e-01,-1.666684001684188843e-01,-9.035453200340270996e-02,-7.092691957950592041e-02
4.175553321838378906e+00,7.041936367750167847e-02,7.729906439781188965e-01,9.989525079727172852e-01,2.874924801290035248e-02,-1.973080262541770935e-02,2.963202446699142456e-02,1.545709818601608276e-01,-1.551737729460000992e-02,2.144277393817901611e-01,5.355031490325927734e-01,-2.364171296358108521e-01,3.062975592911243439e-03,-3.264717757701873779e-01,-1.059431433677673340e-01,-2.139811366796493530e-01,1.958260685205459595e-01,-1.705901473760604858e-01,6.334699690341949463e-02,-1.948909908533096313e-01,-3.644272312521934509e-02,4.708489030599594116e-02,-1.555525064468383789e-01,5.720249414443969727e-01,-5.919829607009887695e-01,-4.917437732219696045e-01,2.807180583477020264e-01,-5.327294766902923584e-02,3.615225255489349365e-01,4.726828038692474365e-01,-4.959136843681335449e-01,3.872639834880828857e-01,-4.153812527656555176e-01,-1.880287379026412964e-01,-8.379365503787994385e-02,-8.028930425643920898e-02
4.221341133117675781e+00,6.703590601682662964e-02,7.683840394020080566e-01,9.990749955177307129e-01,2.606295607984066010e-02,-2.091422304511070251e-02,2.706179395318031311e-02,1.574313044548034668e-01,2.021565288305282593e-02,2.259004265069961548e-01,6.559029817581176758e-01,-2.134273946285247803e-01,-1.027168054133653641e-02,-3.278551995754241943e-01,-8.936075866222381592e-02,-2.481874525547027588e-01,1.700055003166198730e-01,-1.626343578100204468e-01,5.628832429647445679e-02,-1.781463921070098877e-01,-3.045164793729782104e-02,4.803739860653877258e-02,-1.655833572149276733e-01,5.612558126449584961e-01,-5.907585620880126953e-01,-5.349869132041931152e-01,2.819590568542480469e-01,-4.934747144579887390e-02,3.628850877285003662e-01,4.890896677970886230e-01,-5.022016763687133789e-01,3.680512309074401855e-01,-4.225686490535736084e-01,-1.995567679405212402e-01,-8.171334862709045410e-02,-8.697758615016937256e-02
4.265435695648193359e+00,6.191478669643402100e-02,7.574270963668823242e-01,9.992724657058715820e-01,1.517437025904655457e-02,-2.746299840509891510e-02,2.168331481516361237e-02,1.464371830224990845e-01,8.751001209020614624e-02,2.294295281171798706e-01,8.437737226486206055e-01,-2.247846871614456177e-01,-1.368246693164110184e-02,-3.617333471775054932e-01,-6.787350773811340332e-02,-2.560414969921112061e-01,3.361975252628326416e-01,-1.428363919258117676e-01,1.765656657516956329e-02,-1.458302885293960571e-01,-1.014619972556829453e-02,5.904298648238182068e-02,-1.497931480407714844e-01,5.360839962959289551e-01,-5.821032524108886719e-01,-5.547632575035095215e-01,2.904866635799407959e-01,-4.988907650113105774e-02,3.703075647354125977e-01,4.633232057094573975e-01,-5.111993551254272461e-01,3.799209594726562500e-01,-3.998579084873199463e-01,-1.989921629428863525e-01,-8.671884238719940186e-02,-8.873046934604644775e-02
4.309292316436767578e+00,5.591400340199470520e-02,7.410752177238464355e-01,9.991170167922973633e-01,-1.204396598041057587e-03,-3.769080340862274170e-02,1.852468028664588928e-02,1.078465953469276428e-01,1.696152091026306152e-01,2.039777636528015137e-01,1.064659595489501953e+00,-2.570624053478240967e-01,-2.450616285204887390e-02,-4.368809163570404053e-01,-4.238359257578849792e-02,-2.344696372747421265e-01,6.166106462478637695e-01,-1.610666811466217041e-01,-9.280508756637573242e-02,-1.174179166555404663e-01,1.877745985984802246e-02,8.091931045055389404e-02,-1.080925837159156799e-01,5.032582879066467285e-01,-5.615606307983398438e-01,-5.326299667358398438e-01,3.117992579936981201e-01,-6.580550968647003174e-02,3.713912963867187500e-01,3.971976637840270996e-01,-5.299674272537231445e-01,4.252753853797912598e-01,-3.540873825550079346e-01,-1.891853213310241699e-01,-8.812242746353149414e-02,-8.766296505928039551e-02
4.347185134887695312e+00,5.088964477181434631e-02,7.262455224990844727e-01,9.985705614089965820e-01,-2.476583793759346008e-02,-4.577768966555595398e-02,1.216171868145465851e-02,3.305942192673683167e-02,2.523137927055358887e-01,1.514380723237991333e-01,1.276271820068359375e+00,-3.319971561431884766e-01,-1.469952892512083054e-02,-4.467137753963470459e-01,-2.394804760115221143e-04,-2.606907188892364502e-01,7.815766334533691406e-01,-2.783972322940826416e-01,-1.281639784574508667e-01,-8.433766663074493408e-02,6.401295214891433716e-02,1.092294678092002869e-01,-3.024989180266857147e-02,4.627276062965393066e-01,-5.328826904296875000e-01,-4.640739560127258301e-01,3.334147632122039795e-01,-7.724764943122863770e-02,3.806451857089996338e-01,2.740986347198486328e-01,-5.528914928436279297e-01,5.063723325729370117e-01,-2.809639871120452881e-01,-1.682494133710861206e-01,-9.464444220066070557e-02,-1.121468022465705872e-01
4.382696151733398438e+00,4.783130064606666565e-02,7.207204103469848633e-01,9.983351230621337891e-01,-1.726600714027881622e-02,-5.216562747955322266e-02,1.753788627684116364e-02,-5.480200052261352539e-02,2.464766651391983032e-01,1.106013879179954529e-01,1.390313982963562012e+00,-3.760479688644409180e-01,4.612222313880920410e-02,-4.174259305000305176e-01,-2.181211113929748535e-02,-2.575159370899200439e-01,8.862881064414978027e-01,-3.893552124500274658e-01,-1.210117414593696594e-01,-6.147264689207077026e-02,4.497627168893814087e-02,1.300564855337142944e-01,6.128105521202087402e-02,4.220081865787506104e-01,-5.169247388839721680e-01,-3.478441834449768066e-01,3.420801758766174316e-01,-8.366120606660842896e-02,3.907265365123748779e-01,1.339713484048843384e-01,-5.546134710311889648e-01,5.928068161010742188e-01,-2.154306620359420776e-01,-1.740384399890899658e-01,-9.992662072181701660e-02,-1.274206787347793579e-01
4.416049003601074219e+00,4.450599849224090576e-02,7.203729748725891113e-01,9.980543851852416992e-01,-1.587885059416294098e-02,-5.578993633389472961e-02,2.286546304821968079e-02,-1.449635177850723267e-01,2.330572754144668579e-01,7.129207253456115723e-02,1.423454999923706055e+00,-4.255764484405517578e-01,6.707476824522018433e-02,-3.565650880336761475e-01,-2.162973582744598389e-02,-2.629545331001281738e-01,9.160280227661132812e-01,-4.626748263835906982e-01,-1.184845939278602600e-01,-3.118072077631950378e-02,3.716283664107322693e-02,1.396950036287307739e-01,1.515531837940216064e-01,4.013181328773498535e-01,-5.090849399566650391e-01,-2.172752767801284790e-01,3.451518118381500244e-01,-7.793266326189041138e-02,3.902318179607391357e-01,2.184078842401504517e-02,-5.258548855781555176e-01,6.401929855346679688e-01,-2.085932046175003052e-01,-1.831193864345550537e-01,-9.054815024137496948e-02,-1.375995874404907227e-01
4.449424743652343750e+00,4.166091978549957275e-02,7.260835170745849609e-01,9.980953335762023926e-01,-1.260059326887130737e-02,-5.505615100264549255e-02,2.481550909578800201e-02,-2.234894335269927979e-01,2.272857874631881714e-01,8.342116326093673706e-02,1.364974141120910645e+00,-4.530160427093505859e-01,9.692271053791046143e-02,-2.866550385951995850e-01,-1.790019683539867401e-02,-2.623918056488037109e-01,8.929197192192077637e-01,-4.953648746013641357e-01,-1.101774200797080994e-01,5.906113423407077789e-03,2.839909493923187256e-02,1.348996311426162720e-01,2.320020496845245361e-01,4.071247577667236328e-01,-4.998550415039062500e-01,-1.209476366639137268e-01,3.429702222347259521e-01,-7.892504334449768066e-02,3.757253587245941162e-01,-7.697014510631561279e-02,-4.720938503742218018e-01,6.637154221534729004e-01,-2.269623577594757080e-01,-1.721666306257247925e-01,-8.436781167984008789e-02,-1.563780754804611206e-01
4.482324123382568359e+00,4.037386178970336914e-02,7.370479106903076172e-01,9.983395934104919434e-01,-7.516720332205295563e-03,-5.159552022814750671e-02,2.448249608278274536e-02,-2.742473483085632324e-01,2.129125446081161499e-01,1.238432824611663818e-01,1.225480318069458008e+00,-4.558411538600921631e-01,1.192228421568870544e-01,-2.062596529722213745e-01,-1.421654038131237030e-02,-2.580530345439910889e-01,8.222750425338745117e-01,-4.949331581592559814e-01,-9.606560319662094116e-02,4.428270459175109863e-02,1.484922785311937332e-02,1.218250021338462830e-01,3.058528304100036621e-01,4.387686550617218018e-01,-4.940935969352722168e-01,-7.109504193067550659e-02,3.495151102542877197e-01,-8.515147864818572998e-02,3.596216440200805664e-01,-1.646987199783325195e-01,-4.079804718494415283e-01,6.861847639083862305e-01,-2.432536184787750244e-01,-1.608518213033676147e-01,-8.144962787628173828e-02,-1.749192774295806885e-01
4.514205932617187500e+00,4.087338224053382874e-02,7.506034970283508301e-01,9.985516667366027832e-01,-1.333946711383759975e-03,-4.786778986454010010e-02,2.452428825199604034e-02,-2.896694540977478027e-01,1.737607121467590332e-01,1.627690196037292480e-01,1.008928537368774414e+00,-4.279661178588867188e-01,1.072579100728034973e-01,-1.134147122502326965e-01,-1.442972570657730103e-02,-2.550254762172698975e-01,7.185208201408386230e-01,-4.703700542449951172e-01,-7.662487775087356567e-02,7.824973016977310181e-02,-4.026963841170072556e-03,1.074893772602081299e-01,3.721443116664886475e-01,4.860830605030059814e-01,-4.925653040409088135e-01,-4.491691663861274719e-02,3.646234571933746338e-01,-8.711038529872894287e-02,3.469360172748565674e-01,-2.339272648096084595e-01,-3.480824828147888184e-01,7.155447602272033691e-01,-2.564752399921417236e-01,-1.580824553966522217e-01,-7.630347460508346558e-02,-1.781535148620605469e-01
4.545207977294921875e+00,4.233720153570175171e-02,7.641086578369140625e-01,9.986956119537353516e-01,4.984325263649225235e-03,-4.396696761250495911e-02,2.547929249703884125e-02,-2.693199515342712402e-01,1.100617274641990662e-01,1.755801588296890259e-01,7.293809652328491211e-01,-3.482721447944641113e-01,6.192350387573242188e-02,-2.869342267513275146e-02,-1.834654062986373901e-02,-2.502870559692382812e-01,6.171606779098510742e-01,-4.199311435222625732e-01,-4.753969982266426086e-02,1.037223637104034424e-01,-2.449270151555538177e-02,9.242761135101318359e-02,4.339683055877685547e-01,5.363453030586242676e-01,-4.944646358489990234e-01,-2.332014590501785278e-02,3.794157207012176514e-01,-8.767146617174148560e-02,3.411060869693756104e-01,-2.781081199645996094e-01,-3.019374608993530273e-01,7.519044876098632812e-01,-2.719573974609375000e-01,-1.590974330902099609e-01,-6.949141621589660645e-02,-1.743368655443191528e-01
4.577134609222412109e+00,4.388934746384620667e-02,7.751775979995727539e-01,9.988612532615661621e-01,4.683514125645160675e-03,-4.050869122147560120e-02,2.476504631340503693e-02,-2.258419692516326904e-01,6.003246456384658813e-02,1.709925383329391479e-01,4.447358548641204834e-01,-2.484184205532073975e-01,1.657068543136119843e-02,2.910314314067363739e-02,-1.377918664366006851e-02,-2.399231344461441040e-01,5.660430788993835449e-01,-3.511007428169250488e-01,-1.027635764330625534e-02,1.166484951972961426e-01,-2.909979596734046936e-02,7.469304651021957397e-02,4.884473383426666260e-01,5.784616470336914062e-01,-4.894238114356994629e-01,-3.812270471826195717e-03,3.826060593128204346e-01,-8.364067226648330688e-02,3.389070332050323486e-01,-3.016757965087890625e-01,-2.702459990978240967e-01,7.924970388412475586e-01,-2.873803973197937012e-01,-1.505447030067443848e-01,-6.510954350233078003e-02,-1.614698767662048340e-01
4.609641075134277344e+00,4.614444822072982788e-02,7.820164561271667480e-01,9.990617036819458008e-01,-1.762398518621921539e-03,-3.863067924976348877e-02,1.950382627546787262e-02,-1.883946955204010010e-01,4.821684584021568298e-02,1.776488125324249268e-01,2.668617069721221924e-01,-2.002387493848800659e-01,5.558119155466556549e-03,4.152148589491844177e-02,-6.084749475121498108e-03,-2.147830128669738770e-01,6.060265898704528809e-01,-2.749167978763580322e-01,3.201327472925186157e-02,1.201459541916847229e-01,-1.711547002196311951e-02,6.047875434160232544e-02,5.359640717506408691e-01,6.037067174911499023e-01,-4.774318933486938477e-01,1.021767035126686096e-02,3.704082965850830078e-01,-7.565268129110336304e-02,3.385524451732635498e-01,-3.109413385391235352e-01,-2.537747323513031006e-01,8.337541818618774414e-01,-3.033658862113952637e-01,-1.390801519155502319e-01,-6.615689396858215332e-02,-1.432240009307861328e-01
4.640675544738769531e+00,4.985615611076354980e-02,7.841235995292663574e-01,9.991794228553771973e-01,-2.139248499588575214e-05,-3.902142867445945740e-02,1.085361745208501816e-02,-1.660441756248474121e-01,2.960179373621940613e-02,1.780168116092681885e-01,2.108832448720932007e-01,-1.693049073219299316e-01,3.573793917894363403e-02,-6.802708841860294342e-03,-1.901867799460887909e-02,-1.477609872817993164e-01,7.538372278213500977e-01,-1.972321867942810059e-01,1.141657158732414246e-01,1.166060343384742737e-01,-1.816769875586032867e-02,5.861952155828475952e-02,5.681903362274169922e-01,6.173426508903503418e-01,-4.682711958885192871e-01,1.763173379004001617e-02,3.505054414272308350e-01,-6.897968798875808716e-02,3.518696129322052002e-01,-3.179171681404113770e-01,-2.501585781574249268e-01,8.769475221633911133e-01,-3.234378397464752197e-01,-1.399612575769424438e-01,-7.852727174758911133e-02,-1.142191141843795776e-01
4.669464588165283203e+00,5.423517152667045593e-02,7.806981205940246582e-01,9.990447163581848145e-01,1.018621772527694702e-02,-4.246382787823677063e-02,1.657267683185636997e-03,-1.650221496820449829e-01,5.574540235102176666e-03,1.734284013509750366e-01,2.728263437747955322e-01,-9.985925257205963135e-02,7.021967321634292603e-02,-8.948972076177597046e-02,-2.906443923711776733e-02,-4.644854366779327393e-02,9.502680301666259766e-01,-1.194008216261863708e-01,2.292618751525878906e-01,1.022709533572196960e-01,-3.181489184498786926e-02,6.583007425069808960e-02,5.777741074562072754e-01,6.261208653450012207e-01,-4.618002474308013916e-01,1.874913834035396576e-02,3.161342442035675049e-01,-6.854951381683349609e-02,3.610658049583435059e-01,-3.255481421947479248e-01,-2.593739032745361328e-01,9.085782766342163086e-01,-3.407095670700073242e-01,-1.703715324401855469e-01,-8.486606180667877197e-02,-6.742774695158004761e-02
4.694121360778808594e+00,5.824442207813262939e-02,7.716250419616699219e-01,9.986555576324462891e-01,1.983041502535343170e-02,-4.770433157682418823e-02,-4.258108325302600861e-03,-1.890021860599517822e-01,-1.261437661014497280e-03,1.905566900968551636e-01,4.233954250812530518e-01,-1.547038704156875610e-01,9.113404899835586548e-02,-1.649028360843658447e-01,-7.789610326290130615e-02,-1.100137550383806229e-02,1.130172729492187500e+00,-1.322775632143020630e-01,2.513797283172607422e-01,7.958319038152694702e-02,-4.452851787209510803e-02,8.593542873859405518e-02,5.413748025894165039e-01,6.408218741416931152e-01,-4.800727069377899170e-01,2.192905917763710022e-02,2.936526238918304443e-01,-7.657697051763534546e-02,3.768478035926818848e-01,-3.254057765007019043e-01,-2.747309803962707520e-01,8.990805745124816895e-01,-3.340032100677490234e-01,-2.030301094055175781e-01,-8.284018188714981079e-02,-3.559548780322074890e-02
4.716731548309326172e+00,6.253329664468765259e-02,7.634733319282531738e-01,9.976832270622253418e-01,4.272101819515228271e-02,-5.294350162148475647e-02,-3.043547039851546288e-04,-1.753695756196975708e-01,-5.179793015122413635e-02,2.075755745172500610e-01,4.988208711147308350e-01,-2.142198681831359863e-01,1.106221750378608704e-01,-2.422655075788497925e-01,-2.094695121049880981e-01,-7.611399982124567032e-03,1.256610155105590820e+00,-2.323746979236602783e-01,2.309328168630599976e-01,5.070895329117774963e-02,-8.749061077833175659e-02,1.122182831168174744e-01,4.505974054336547852e-01,6.639028787612915039e-01,-5.298170447349548340e-01,4.981560632586479187e-02,2.992065250873565674e-01,-9.195595979690551758e-02,3.923223316669464111e-01,-2.919145524501800537e-01,-2.933090925216674805e-01,8.695738911628723145e-01,-3.131425380706787109e-01,-2.639324963092803955e-01,-6.859536468982696533e-02,-1.695556193590164185e-02
4.739013671875000000e+00,6.616892665624618530e-02,7.619319558143615723e-01,9.973914027214050293e-01,4.488942027091979980e-02,-5.608920007944107056e-02,7.022397592663764954e-03,-1.421173214912414551e-01,-6.298177689313888550e-02,1.963644772768020630e-01,5.237569808959960938e-01,-2.554448246955871582e-01,1.030904576182365417e-01,-2.921117544174194336e-01,-3.222164809703826904e-01,-7.176315039396286011e-02,1.264836072921752930e+00,-3.033499717712402344e-01,1.374583840370178223e-01,1.712189801037311554e-02,-9.286028146743774414e-02,1.245678514242172241e-01,3.378897905349731445e-01,6.736707091331481934e-01,-5.811489224433898926e-01,9.381460398435592651e-02,3.525800108909606934e-01,-1.009543240070343018e-01,4.001123607158660889e-01,-2.302869260311126709e-01,-3.070600926876068115e-01,8.276534080505371094e-01,-2.640177607536315918e-01,-3.162784874439239502e-01,-4.344559088349342346e-02,-1.582473143935203552e-02
4.760778427124023438e+00,6.728823482990264893e-02,7.654870748519897461e-01,9.978013038635253906e-01,3.427058085799217224e-02,-5.519754439592361450e-02,1.308558788150548935e-02,-1.043517664074897766e-01,-4.432762041687965393e-02,1.762342005968093872e-01,5.117806196212768555e-01,-2.766852676868438721e-01,8.580093085765838623e-02,-3.205102980136871338e-01,-3.670628666877746582e-01,-1.556286513805389404e-01,1.179668784141540527e+00,-3.273633718490600586e-01,3.649108484387397766e-02,-1.635134778916835785e-02,-7.361974567174911499e-02,1.247571483254432678e-01,2.408925890922546387e-01,6.611538529396057129e-01,-5.974141955375671387e-01,1.215438321232795715e-01,4.200637638568878174e-01,-1.037017777562141418e-01,4.043312668800354004e-01,-1.605689525604248047e-01,-3.208055198192596436e-01,7.802827358245849609e-01,-2.077268362045288086e-01,-3.258356153964996338e-01,-2.890765666961669922e-02,-1.953959278762340546e-02
4.780599117279052734e+00,6.650280952453613281e-02,7.721007466316223145e-01,9.982526302337646484e-01,2.297753840684890747e-02,-5.160357430577278137e-02,1.734105125069618225e-02,-5.638434737920761108e-02,-2.255578339099884033e-02,1.600615978240966797e-01,4.603173136711120605e-01,-2.743081748485565186e-01,6.876081228256225586e-02,-3.262478709220886230e-01,-3.384887576103210449e-01,-2.068884074687957764e-01,1.008504033088684082e+00,-3.069491088390350342e-01,4.855920094996690750e-03,-4.542915150523185730e-02,-5.203952267765998840e-02,1.182574629783630371e-01,1.704163849353790283e-01,6.342774033546447754e-01,-5.825502276420593262e-01,1.202270537614822388e-01,4.495621621608734131e-01,-1.051218137145042419e-01,4.153673350811004639e-01,-9.705403447151184082e-02,-3.401013314723968506e-01,7.379779219627380371e-01,-1.668534129858016968e-01,-2.923290431499481201e-01,-2.745256200432777405e-02,-2.532079815864562988e-02
4.799981594085693359e+00,6.407380104064941406e-02,7.782104015350341797e-01,9.985598325729370117e-01,1.563460752367973328e-02,-4.897284880280494690e-02,1.534596644341945648e-02,6.749664898961782455e-04,-1.173328235745429993e-02,1.440855562686920166e-01,3.944514095783233643e-01,-2.611969113349914551e-01,5.221308395266532898e-02,-3.131401836872100830e-01,-2.880215048789978027e-01,-2.368852496147155762e-01,7.899398803710937500e-01,-2.717522382736206055e-01,1.436534989625215530e-02,-6.716316938400268555e-02,-4.053872823715209961e-02,1.170136779546737671e-01,1.434535235166549683e-01,6.004265546798706055e-01,-5.356065630912780762e-01,7.194445282220840454e-02,4.372607767581939697e-01,-1.043970286846160889e-01,4.161506593227386475e-01,-5.269562453031539917e-02,-3.665622770786285400e-01,7.074697017669677734e-01,-1.508659571409225464e-01,-2.624266445636749268e-01,-3.431175649166107178e-02,-3.093877062201499939e-02
4.823258399963378906e+00,5.947721004486083984e-02,7.823351621627807617e-01,9.988650679588317871e-01,1.160382851958274841e-02,-4.463914036750793457e-02,1.188619714230298996e-02,5.484171211719512939e-02,-6.451447494328022003e-03,1.309184134006500244e-01,3.319972455501556396e-01,-2.504801452159881592e-01,3.723927587270736694e-02,-2.847541272640228271e-01,-2.306268364191055298e-01,-2.504590749740600586e-01,5.477012395858764648e-01,-2.176478058099746704e-01,3.204561024904251099e-02,-8.282430469989776611e-02,-3.628830239176750183e-02,1.093442514538764954e-01,1.154861301183700562e-01,5.760070085525512695e-01,-5.102790594100952148e-01,5.676182452589273453e-03,3.958488702774047852e-01,-1.040037050843238831e-01,4.115455746650695801e-01,-1.850980706512928009e-02,-3.921222090721130371e-01,6.853696703910827637e-01,-1.504267007112503052e-01,-2.579187452793121338e-01,-4.216394573450088501e-02,-2.828825265169143677e-02
4.845617771148681641e+00,5.443977564573287964e-02,7.822560071945190430e-01,9.990172386169433594e-01,1.549155171960592270e-02,-4.031976684927940369e-02,9.944971650838851929e-03,1.087630540132522583e-01,-1.889719627797603607e-02,1.119567677378654480e-01,2.743928134441375732e-01,-2.450226992368698120e-01,2.953393384814262390e-02,-2.560355961322784424e-01,-1.829399913549423218e-01,-2.359438091516494751e-01,3.332586586475372314e-01,-1.489400416612625122e-01,4.873584210872650146e-02,-9.108278155326843262e-02,-4.765674099326133728e-02,1.002097353339195251e-01,7.732567936182022095e-02,5.585840344429016113e-01,-5.096456408500671387e-01,-7.586080580949783325e-02,3.532882928848266602e-01,-1.005948036909103394e-01,3.936663866043090820e-01,1.337192952632904053e-02,-4.122864007949829102e-01,6.598401069641113281e-01,-1.549109369516372681e-01,-2.851760387420654297e-01,-4.626052454113960266e-02,-2.558095194399356842e-02
4.867192268371582031e+00,4.962907731533050537e-02,7.776417136192321777e-01,9.986851811408996582e-01,3.204073384404182434e-02,-3.861334174871444702e-02,1.050369162112474442e-02,1.715722978115081787e-01,-5.666739866137504578e-02,9.100530296564102173e-02,2.074397951364517212e-01,-2.321052998304367065e-01,2.838025055825710297e-02,-2.561269998550415039e-01,-1.750371903181076050e-01,-1.851471066474914551e-01,2.277773171663284302e-01,-8.745817840099334717e-02,6.451577693223953247e-02,-9.012915194034576416e-02,-8.453422784805297852e-02,9.599907696247100830e-02,2.155851200222969055e-02,5.450186133384704590e-01,-5.257383584976196289e-01,-1.705190539360046387e-01,3.168060183525085449e-01,-9.192650020122528076e-02,3.625899553298950195e-01,5.169770494103431702e-02,-4.245554208755493164e-01,6.197772622108459473e-01,-1.652201712131500244e-01,-3.321806788444519043e-01,-4.401537030935287476e-02,-2.662654779851436615e-02
4.888016223907470703e+00,4.478319734334945679e-02,7.709304094314575195e-01,9.981130361557006836e-01,4.721220582723617554e-02,-3.799580037593841553e-02,9.886183775961399078e-03,2.194922119379043579e-01,-8.387251943349838257e-02,8.404774218797683716e-02,1.753637492656707764e-01,-2.422855347394943237e-01,2.615405432879924774e-02,-3.062131404876708984e-01,-1.883633285760879517e-01,-1.501878947019577026e-01,2.900474667549133301e-01,-4.693074524402618408e-02,4.611215740442276001e-02,-7.872742414474487305e-02,-1.195659339427947998e-01,1.010072752833366394e-01,-5.174510926008224487e-02,5.312256813049316406e-01,-5.383504033088684082e-01,-2.599114775657653809e-01,2.899603545665740967e-01,-8.803599327802658081e-02,3.253132104873657227e-01,9.294160455465316772e-02,-4.216420650482177734e-01,5.653947591781616211e-01,-1.760139614343643188e-01,-3.690102398395538330e-01,-4.287508502602577209e-02,-3.101291321218013763e-02
4.908391475677490234e+00,3.933298960328102112e-02,7.660487890243530273e-01,9.984378218650817871e-01,4.015320539474487305e-02,-3.873638063669204712e-02,3.033943939954042435e-03,2.498866170644760132e-01,-6.244128942489624023e-02,8.025629073381423950e-02,1.918036043643951416e-01,-2.948966622352600098e-01,1.592917181551456451e-02,-3.685584664344787598e-01,-1.728098839521408081e-01,-1.528491675853729248e-01,4.453127086162567139e-01,-6.478905677795410156e-02,-5.499577149748802185e-02,-6.815702468156814575e-02,-1.054253727197647095e-01,1.183182597160339355e-01,-1.111210435628890991e-01,5.030147433280944824e-01,-5.106567144393920898e-01,-3.293032050132751465e-01,2.696761190891265869e-01,-9.824482351541519165e-02,3.091377019882202148e-01,1.088474020361900330e-01,-4.125009775161743164e-01,5.262621045112609863e-01,-1.746246963739395142e-01,-4.096129834651947021e-01,-2.413882128894329071e-02,-2.972942218184471130e-02
4.929306030273437500e+00,3.327442333102226257e-02,7.647103667259216309e-01,9.992597103118896484e-01,4.261515568941831589e-03,-3.805470466613769531e-02,-3.706444287672638893e-03,2.264805287122726440e-01,2.211735211312770844e-02,6.315419822931289673e-02,3.148658871650695801e-01,-3.845983445644378662e-01,6.712201517075300217e-03,-3.236516714096069336e-01,-8.268261700868606567e-02,-1.943300068378448486e-01,4.314759075641632080e-01,-7.988201081752777100e-02,-8.863432705402374268e-02,-6.761352717876434326e-02,-2.875178121030330658e-02,1.358030587434768677e-01,-1.174372732639312744e-01,4.673334658145904541e-01,-4.650080204010009766e-01,-3.513393402099609375e-01,2.707275152206420898e-01,-1.185971498489379883e-01,3.193303942680358887e-01,9.301517158746719360e-02,-4.011953473091125488e-01,5.174291729927062988e-01,-1.632875949144363403e-01,-4.233610928058624268e-01,-5.975285544991493225e-03,8.774554007686674595e-04
4.951354026794433594e+00,2.600974403321743011e-02,7.657879590988159180e-01,9.987856745719909668e-01,-3.049873001873493195e-02,-3.842777013778686523e-02,-4.512097220867872238e-03,2.005226463079452515e-01,1.051862761378288269e-01,1.892113499343395233e-02,4.408232569694519043e-01,-4.242249727249145508e-01,1.591870747506618500e-02,-2.312845587730407715e-01,1.606402732431888580e-02,-2.198127508163452148e-01,3.222038745880126953e-01,-7.368403673171997070e-02,-7.443868368864059448e-02,-7.967916131019592285e-02,4.129100963473320007e-02,1.497772186994552612e-01,-8.435752242803573608e-02,4.528175294399261475e-01,-4.499584734439849854e-01,-3.323604464530944824e-01,2.989615499973297119e-01,-1.303635835647583008e-01,3.559176921844482422e-01,5.435603857040405273e-02,-3.959091305732727051e-01,5.222448110580444336e-01,-1.566965132951736450e-01,-4.022237658500671387e-01,3.068834485020488501e-05,3.237552940845489502e-02
4.978462219238281250e+00,2.030582912266254425e-02,7.679618597030639648e-01,9.985136985778808594e-01,-3.515968471765518188e-02,-4.109898582100868225e-02,-6.713832262903451920e-03,1.951810419559478760e-01,1.187537536025047302e-01,7.432528305798768997e-03,5.168222188949584961e-01,-3.986489176750183105e-01,6.710425019264221191e-02,-1.628636717796325684e-01,4.100538045167922974e-02,-2.079185694456100464e-01,2.687345743179321289e-01,-1.031460091471672058e-01,-4.128760844469070435e-02,-8.585145324468612671e-02,4.867782071232795715e-02,1.555012464523315430e-01,-5.021592974662780762e-02,4.629352390766143799e-01,-4.692281186580657959e-01,-2.865498065948486328e-01,3.429471254348754883e-01,-1.447080373764038086e-01,3.761504292488098145e-01,1.168072130531072617e-02,-3.936050534248352051e-01,5.461878180503845215e-01,-1.523405164480209351e-01,-3.605873286724090576e-01,-2.210755273699760437e-02,3.617954999208450317e-02
5.018591880798339844e+00,1.557894796133041382e-02,7.711055278778076172e-01,9.987699985504150391e-01,-2.559331990778446198e-02,-4.130807146430015564e-02,-9.851816110312938690e-03,1.623101830482482910e-01,1.266841441392898560e-01,8.631892502307891846e-02,6.441971659660339355e-01,-3.776152133941650391e-01,1.433750838041305542e-01,-9.970248490571975708e-02,3.515510633587837219e-02,-1.895965784788131714e-01,2.134434133768081665e-01,-1.378285139799118042e-01,1.279286295175552368e-02,-8.566357940435409546e-02,3.309477493166923523e-02,1.525589376688003540e-01,-2.628406137228012085e-02,4.836781322956085205e-01,-5.094413161277770996e-01,-2.691459059715270996e-01,4.126427769660949707e-01,-1.444894969463348389e-01,3.658070862293243408e-01,-2.271768078207969666e-02,-3.921414613723754883e-01,5.766205787658691406e-01,-1.498727500438690186e-01,-2.869821190834045410e-01,-5.711040645837783813e-02,3.061938658356666565e-02
5.046115398406982422e+00,9.873366914689540863e-03,7.713652849197387695e-01,9.983958601951599121e-01,-2.630311436951160431e-02,-4.772979393601417542e-02,-1.535330712795257568e-02,1.097552999854087830e-01,1.748312860727310181e-01,1.617685705423355103e-01,8.253402113914489746e-01,-3.680853843688964844e-01,1.956719011068344116e-01,-2.475208230316638947e-02,5.399789288640022278e-02,-1.725460141897201538e-01,1.583645939826965332e-01,-1.525591015815734863e-01,3.731185942888259888e-02,-7.042816281318664551e-02,3.553377091884613037e-02,1.654964238405227661e-01,-2.082819817587733269e-03,4.850490391254425049e-01,-5.421117544174194336e-01,-2.403616458177566528e-01,4.501853585243225098e-01,-1.514649242162704468e-01,3.701082170009613037e-01,-5.811771005392074585e-02,-3.979721963405609131e-01,5.969486236572265625e-01,-1.563117653131484985e-01,-2.407135069370269775e-01,-6.275285035371780396e-02,2.988645248115062714e-02
5.067952632904052734e+00,5.383765324950218201e-03,7.706016898155212402e-01,9.978071451187133789e-01,-2.806172147393226624e-02,-5.554554611444473267e-02,-2.254085242748260498e-02,5.466324090957641602e-02,2.218241244554519653e-01,2.127364128828048706e-01,9.648114442825317383e-01,-3.811101317405700684e-01,2.216294258832931519e-01,3.883341327309608459e-02,7.165588438510894775e-02,-1.539742499589920044e-01,1.327931135892868042e-01,-1.705676466226577759e-01,4.909942671656608582e-02,-5.129699036478996277e-02,4.183755442500114441e-02,1.858294904232025146e-01,2.737566456198692322e-02,4.836449027061462402e-01,-5.584048032760620117e-01,-2.179670184850692749e-01,4.773303270339965820e-01,-1.481119841337203979e-01,3.623708188533782959e-01,-9.444361180067062378e-02,-4.067785441875457764e-01,6.140003800392150879e-01,-1.622592210769653320e-01,-2.198836058378219604e-01,-6.611187756061553955e-02,2.841578237712383270e-02
5.089643001556396484e+00,1.918480731546878815e-03,7.703045606613159180e-01,9.973200559616088867e-01,-2.914772555232048035e-02,-5.988269299268722534e-02,-3.028584830462932587e-02,-1.472889725118875504e-02,2.261697798967361450e-01,2.072127461433410645e-01,1.027825117111206055e+00,-3.917322456836700439e-01,2.180458158254623413e-01,8.667609095573425293e-02,8.124543726444244385e-02,-1.361576765775680542e-01,1.251657754182815552e-01,-1.911634951829910278e-01,4.715488478541374207e-02,-2.774821221828460693e-02,5.050837621092796326e-02,2.015641480684280396e-01,6.110598891973495483e-02,4.796609282493591309e-01,-5.562796592712402344e-01,-2.011499702930450439e-01,5.043790936470031738e-01,-1.384962797164916992e-01,3.389456570148468018e-01,-1.306702494621276855e-01,-4.142240583896636963e-01,6.241468787193298340e-01,-1.646817326545715332e-01,-2.216777205467224121e-01,-6.303005665540695190e-02,2.323225885629653931e-02
5.112877845764160156e+00,-5.136746913194656372e-04,7.700049281120300293e-01,9.970376491546630859e-01,-2.933823689818382263e-02,-6.086340546607971191e-02,-3.675277903676033020e-02,-9.550248831510543823e-02,2.024183869361877441e-01,1.753029823303222656e-01,1.026493191719055176e+00,-3.934794068336486816e-01,1.931115686893463135e-01,1.258171498775482178e-01,8.446614444255828857e-02,-1.206086874008178711e-01,1.221281588077545166e-01,-2.134602665901184082e-01,3.672741726040840149e-02,-2.562515437602996826e-03,5.830306932330131531e-02,2.109350115060806274e-01,9.666081517934799194e-02,4.764692485332489014e-01,-5.419392585754394531e-01,-1.827188581228256226e-01,5.313659906387329102e-01,-1.317279338836669922e-01,3.135879039764404297e-01,-1.633847206830978394e-01,-4.173964262008666992e-01,6.313155889511108398e-01,-1.723097115755081177e-01,-2.352665513753890991e-01,-5.612584203481674194e-02,1.762602850794792175e-02
5.138231754302978516e+00,-2.160459756851196289e-03,7.692766785621643066e-01,9.969861507415771484e-01,-2.750270254909992218e-02,-5.943600460886955261e-02,-4.158760979771614075e-02,-1.704206764698028564e-01,1.769914627075195312e-01,1.591772586107254028e-01,9.673966169357299805e-01,-3.885155022144317627e-01,1.602042466402053833e-01,1.588573753833770752e-01,8.066281676292419434e-02,-1.069270893931388855e-01,1.230348795652389526e-01,-2.385061681270599365e-01,2.365227788686752319e-02,2.247029729187488556e-02,6.174490600824356079e-02,2.159648090600967407e-01,1.311735212802886963e-01,4.755406677722930908e-01,-5.216537117958068848e-01,-1.628664880990982056e-01,5.522599816322326660e-01,-1.314559429883956909e-01,2.970266342163085938e-01,-1.917825341224670410e-01,-4.183332026004791260e-01,6.386557221412658691e-01,-1.917361617088317871e-01,-2.490797638893127441e-01,-4.780766367912292480e-02,1.414660736918449402e-02
5.165058612823486328e+00,-2.984071150422096252e-03,7.681429386138916016e-01,9.970698356628417969e-01,-2.437570691108703613e-02,-5.635953694581985474e-02,-4.562021419405937195e-02,-2.327462136745452881e-01,1.562361419200897217e-01,1.603048890829086304e-01,8.583945631980895996e-01,-3.664966225624084473e-01,1.228881776332855225e-01,1.892507672309875488e-01,7.265168428421020508e-02,-9.482001513242721558e-02,1.263558566570281982e-01,-2.657599151134490967e-01,1.336983498185873032e-02,4.720450565218925476e-02,6.209664791822433472e-02,2.179733663797378540e-01,1.640900224447250366e-01,4.763153791427612305e-01,-5.019192695617675781e-01,-1.440737098455429077e-01,5.641320347785949707e-01,-1.336802691221237183e-01,2.887335419654846191e-01,-2.168856561183929443e-01,-4.179094433784484863e-01,6.466086506843566895e-01,-2.201803475618362427e-01,-2.634699940681457520e-01,-4.044740274548530579e-02,1.657630130648612976e-02
5.192746639251708984e+00,-3.222987055778503418e-03,7.665975689888000488e-01,9.971904158592224121e-01,-2.087829448282718658e-02,-5.221114680171012878e-02,-4.949119314551353455e-02,-2.798183560371398926e-01,1.428287774324417114e-01,1.770980209112167358e-01,7.093632817268371582e-01,-3.180338740348815918e-01,8.573368191719055176e-02,2.193985432386398315e-01,6.309357285499572754e-02,-8.228227496147155762e-02,1.280295252799987793e-01,-2.918435931205749512e-01,7.869141176342964172e-03,7.158487290143966675e-02,6.112497672438621521e-02,2.174598127603530884e-01,1.954949051141738892e-01,4.780057072639465332e-01,-4.841712117195129395e-01,-1.277166903018951416e-01,5.695155262947082520e-01,-1.361242532730102539e-01,2.876889109611511230e-01,-2.395211160182952881e-01,-4.161428809165954590e-01,6.551371216773986816e-01,-2.501131594181060791e-01,-2.830530405044555664e-01,-3.528525307774543762e-02,2.481041289865970612e-02
5.221571922302246094e+00,-3.043949604034423828e-03,7.640424966812133789e-01,9.972104430198669434e-01,-1.839178428053855896e-02,-4.799215123057365417e-02,-5.412825942039489746e-02,-3.078459799289703369e-01,1.351509392261505127e-01,2.073644399642944336e-01,5.262418985366821289e-01,-2.590251266956329346e-01,5.211937800049781799e-02,2.522024810314178467e-01,5.516567081212997437e-02,-6.681628525257110596e-02,1.263528019189834595e-01,-3.159946501255035400e-01,6.892269011586904526e-03,9.486575424671173096e-02,6.124420091509819031e-02,2.156347036361694336e-01,2.286598384380340576e-01,4.804795384407043457e-01,-4.673934280872344971e-01,-1.142969951033592224e-01,5.732787251472473145e-01,-1.387203186750411987e-01,2.921958863735198975e-01,-2.621464431285858154e-01,-4.127448201179504395e-01,6.655154228210449219e-01,-2.758356630802154541e-01,-3.128744065761566162e-01,-3.167129307985305786e-02,3.815158084034919739e-02
5.252005100250244141e+00,-2.209780737757682800e-03,7.599918842315673828e-01,9.969637989997863770e-01,-1.861459948122501373e-02,-4.495407268404960632e-02,-6.079348549246788025e-02,-3.103631436824798584e-01,1.306838393211364746e-01,2.430798858404159546e-01,3.139187991619110107e-01,-2.089496999979019165e-01,1.115053985267877579e-02,2.905553579330444336e-01,5.185585841536521912e-02,-4.653426632285118103e-02,1.236377134919166565e-01,-3.401259183883666992e-01,1.157936733216047287e-02,1.180253699421882629e-01,6.575707346200942993e-02,2.138518691062927246e-01,2.643889486789703369e-01,4.834897518157958984e-01,-4.494840800762176514e-01,-1.055585592985153198e-01,5.790718793869018555e-01,-1.415701955556869507e-01,2.929954528808593750e-01,-2.857797443866729736e-01,-4.070529341697692871e-01,6.778882741928100586e-01,-2.925103604793548584e-01,-3.503230214118957520e-01,-3.203047439455986023e-02,4.986011981964111328e-02
5.283807754516601562e+00,-7.037566974759101868e-04,7.545143365859985352e-01,9.961125850677490234e-01,-2.472316659986972809e-02,-4.343106970191001892e-02,-7.254149764776229858e-02,-3.053397834300994873e-01,1.469832062721252441e-01,2.723197340965270996e-01,1.339610219001770020e-01,-1.773713380098342896e-01,-4.541995003819465637e-02,3.330444097518920898e-01,5.821430683135986328e-02,-1.979375630617141724e-02,1.195165216922760010e-01,-3.558415174484252930e-01,1.720974594354629517e-02,1.424692720174789429e-01,8.145382255315780640e-02,2.120667099952697754e-01,2.973740398883819580e-01,4.869387447834014893e-01,-4.324212670326232910e-01,-9.827510267496109009e-02,5.787787437438964844e-01,-1.398169547319412231e-01,2.928388118743896484e-01,-3.100383281707763672e-01,-3.972113728523254395e-01,6.883723735809326172e-01,-2.992379069328308105e-01,-3.838343620300292969e-01,-3.187059238553047180e-02,6.375252455472946167e-02
5.316801071166992188e+00,1.561798155307769775e-03,7.494955658912658691e-01,9.952268004417419434e-01,-2.854847162961959839e-02,-4.181965813040733337e-02,-8.342491090297698975e-02,-3.430289030075073242e-01,1.676419228315353394e-01,2.737122476100921631e-01,1.183731406927108765e-01,-2.015824317932128906e-01,-6.896031647920608521e-02,3.768378496170043945e-01,5.270577594637870789e-02,1.679216511547565460e-03,1.243497133255004883e-01,-3.641189634799957275e-01,2.299372293055057526e-02,1.592124551534652710e-01,9.087365865707397461e-02,2.086963653564453125e-01,3.296817839145660400e-01,4.860521554946899414e-01,-4.196839034557342529e-01,-7.932862639427185059e-02,5.828482508659362793e-01,-1.485151499509811401e-01,3.014152348041534424e-01,-3.226200938224792480e-01,-3.841017186641693115e-01,6.880613565444946289e-01,-2.990802824497222900e-01,-4.005626440048217773e-01,-3.749755769968032837e-02,6.628202646970748901e-02
5.352766513824462891e+00,3.599315881729125977e-03,7.465354800224304199e-01,9.952841997146606445e-01,-2.280483953654766083e-02,-3.877935558557510376e-02,-8.593837916851043701e-02,-3.478837609291076660e-01,1.509211361408233643e-01,2.789048850536346436e-01,1.228174641728401184e-01,-1.862637400627136230e-01,-6.100291013717651367e-02,4.041649699211120605e-01,2.649756148457527161e-02,5.687512923032045364e-03,1.541996449232101440e-01,-3.661070466041564941e-01,3.581551089882850647e-02,1.617955863475799561e-01,7.655860483646392822e-02,2.024752646684646606e-01,3.523766994476318359e-01,4.860688149929046631e-01,-4.117212891578674316e-01,-5.151414871215820312e-02,5.784193873405456543e-01,-1.521300673484802246e-01,3.170558512210845947e-01,-3.196354508399963379e-01,-3.685454428195953369e-01,6.781461834907531738e-01,-2.957176268100738525e-01,-4.039646685123443604e-01,-4.507990926504135132e-02,6.514033675193786621e-02
5.388115882873535156e+00,6.583447568118572235e-03,7.460825443267822266e-01,9.960564970970153809e-01,-4.322464577853679657e-03,-3.319332003593444824e-02,-8.216427266597747803e-02,-3.458288609981536865e-01,9.377553313970565796e-02,2.723571360111236572e-01,1.656879186630249023e-01,-1.294791698455810547e-01,-1.595781743526458740e-02,3.818183839321136475e-01,-2.797220274806022644e-02,-3.485095920041203499e-03,2.805652618408203125e-01,-3.844971954822540283e-01,5.071587115526199341e-02,1.547586619853973389e-01,3.275946155190467834e-02,1.883632242679595947e-01,3.687289357185363770e-01,4.903562068939208984e-01,-4.083658158779144287e-01,-2.273229323327541351e-02,5.578052997589111328e-01,-1.531681418418884277e-01,3.321518898010253906e-01,-3.036397099494934082e-01,-3.519820570945739746e-01,6.589900255203247070e-01,-2.930983304977416992e-01,-3.947792947292327881e-01,-5.244534835219383240e-02,6.293892115354537964e-02
5.425360679626464844e+00,1.033575646579265594e-02,7.473539710044860840e-01,9.964383840560913086e-01,1.920862682163715363e-02,-2.800201810896396637e-02,-7.718477398157119751e-02,-3.606532514095306396e-01,2.670428156852722168e-02,2.518737614154815674e-01,2.543090879917144775e-01,-6.738363951444625854e-02,3.749769926071166992e-02,3.270091414451599121e-01,-9.654871374368667603e-02,-1.403873879462480545e-02,4.747963547706604004e-01,-3.662745654582977295e-01,5.939073115587234497e-02,1.486717015504837036e-01,-2.233922109007835388e-02,1.724794059991836548e-01,3.768315911293029785e-01,4.970318377017974854e-01,-4.136522710323333740e-01,1.420704275369644165e-02,5.265028476715087891e-01,-1.586242616176605225e-01,3.524223566055297852e-01,-2.712744772434234619e-01,-3.374672234058380127e-01,6.417318582534790039e-01,-2.852029204368591309e-01,-3.719560205936431885e-01,-5.537350475788116455e-02,5.807387456297874451e-02
5.464427947998046875e+00,1.417715474963188171e-02,7.501930594444274902e-01,9.965548515319824219e-01,3.597222268581390381e-02,-2.883335947990417480e-02,-6.894236057996749878e-02,-3.371875882148742676e-01,-2.473225072026252747e-02,2.467248588800430298e-01,3.073986768722534180e-01,-5.574211850762367249e-02,5.292938277125358582e-02,2.606710195541381836e-01,-1.533407568931579590e-01,-3.260880708694458008e-02,6.981561183929443359e-01,-2.611292004585266113e-01,5.130649730563163757e-02,1.400432288646697998e-01,-6.295450031757354736e-02,1.673815697431564331e-01,3.700996041297912598e-01,5.072839856147766113e-01,-4.367250204086303711e-01,6.003814935684204102e-02,5.060307979583740234e-01,-1.636314243078231812e-01,3.718590438365936279e-01,-2.223700881004333496e-01,-3.319240510463714600e-01,6.247449517250061035e-01,-2.683170139789581299e-01,-3.562568128108978271e-01,-6.355963647365570068e-02,5.523360148072242737e-02
5.503799915313720703e+00,1.828445121645927429e-02,7.538645267486572266e-01,9.963861703872680664e-01,4.928104951977729797e-02,-3.376130387187004089e-02,-6.038318946957588196e-02,-2.788726389408111572e-01,-7.412628084421157837e-02,2.443731129169464111e-01,3.096210062503814697e-01,-4.816551879048347473e-02,5.939773470163345337e-02,1.754137575626373291e-01,-2.192940115928649902e-01,-5.896723270416259766e-02,9.383575916290283203e-01,-1.034668311476707458e-01,2.200102247297763824e-02,1.261908859014511108e-01,-9.486372768878936768e-02,1.680126339197158813e-01,3.451460599899291992e-01,5.170853137969970703e-01,-4.737995862960815430e-01,1.085988059639930725e-01,4.950896203517913818e-01,-1.667629480361938477e-01,3.833099603652954102e-01,-1.737685352563858032e-01,-3.338615596294403076e-01,6.103520393371582031e-01,-2.306305766105651855e-01,-3.557369410991668701e-01,-6.619916111230850220e-02,5.402638390660285950e-02
5.540863990783691406e+00,2.251985669136047363e-02,7.574864625930786133e-01,9.956572651863098145e-01,6.202752888202667236e-02,-4.107123985886573792e-02,-5.596836283802986145e-02,-1.943994015455245972e-01,-1.258492171764373779e-01,2.457630634307861328e-01,2.719499766826629639e-01,-6.418937444686889648e-02,7.441518455743789673e-02,6.451961398124694824e-02,-2.770905196666717529e-01,-4.494772851467132568e-02,1.161325812339782715e+00,9.985372424125671387e-03,2.292975550517439842e-04,1.114340201020240784e-01,-1.202250570058822632e-01,1.791169792413711548e-01,3.151082098484039307e-01,5.239514708518981934e-01,-5.194619297981262207e-01,1.524949520826339722e-01,5.096216201782226562e-01,-1.675079613924026489e-01,3.920141458511352539e-01,-1.309449821710586548e-01,-3.440555334091186523e-01,6.042923331260681152e-01,-1.737431436777114868e-01,-3.756042718887329102e-01,-6.770727038383483887e-02,5.558331683278083801e-02
5.576194286346435547e+00,2.614628709852695465e-02,7.624891996383666992e-01,9.952809810638427734e-01,6.575975567102432251e-02,-4.721839725971221924e-02,-5.349639058113098145e-02,-9.904450178146362305e-02,-1.583487242460250854e-01,2.361252009868621826e-01,2.062443047761917114e-01,-7.546375691890716553e-02,7.827121764421463013e-02,-3.246361389756202698e-02,-2.390654087066650391e-01,2.066728845238685608e-02,1.292776226997375488e+00,-6.576368957757949829e-02,5.251155421137809753e-02,9.380682557821273804e-02,-1.230324283242225647e-01,1.882203519344329834e-01,2.740019559860229492e-01,5.239217281341552734e-01,-5.594857335090637207e-01,1.963118016719818115e-01,5.443965792655944824e-01,-1.646975725889205933e-01,3.932976126670837402e-01,-8.953786641359329224e-02,-3.540472388267517090e-01,5.966658592224121094e-01,-9.738505631685256958e-02,-4.097224771976470947e-01,-6.948097795248031616e-02,4.243079945445060730e-02
5.610134601593017578e+00,2.877051569521427155e-02,7.678089141845703125e-01,9.957375526428222656e-01,5.938738584518432617e-02,-5.167461559176445007e-02,-4.805914685130119324e-02,-9.496439248323440552e-03,-1.647344976663589478e-01,2.145253270864486694e-01,1.512960344552993774e-01,-9.222262352705001831e-02,7.971598207950592041e-02,-1.246595159173011780e-01,-1.926845908164978027e-01,4.310856014490127563e-02,1.347479224205017090e+00,-1.658449321985244751e-01,6.747850030660629272e-02,6.898749619722366333e-02,-1.065390482544898987e-01,1.944645643234252930e-01,2.254940718412399292e-01,5.117518305778503418e-01,-5.854941606521606445e-01,2.430344671010971069e-01,5.778638720512390137e-01,-1.566129922866821289e-01,3.900129795074462891e-01,-4.982003197073936462e-02,-3.558654487133026123e-01,5.761269330978393555e-01,6.257016793824732304e-04,-4.412242174148559570e-01,-7.126317918300628662e-02,1.370997913181781769e-02
5.643201828002929688e+00,3.074391186237335205e-02,7.722163200378417969e-01,9.966698884963989258e-01,4.859736561775207520e-02,-5.314798653125762939e-02,-3.824489191174507141e-02,6.135697290301322937e-02,-1.564322412014007568e-01,1.841261088848114014e-01,1.240408718585968018e-01,-1.183897256851196289e-01,8.073800057172775269e-02,-2.198572903871536255e-01,-1.771350204944610596e-01,1.826899684965610504e-02,1.343876719474792480e+00,-2.414762973785400391e-01,3.923765942454338074e-02,3.719627112150192261e-02,-8.346850425004959106e-02,1.990159302949905396e-01,1.680202633142471313e-01,4.916141629219055176e-01,-5.985459089279174805e-01,2.814635932445526123e-01,5.972242951393127441e-01,-1.464696824550628662e-01,3.891263902187347412e-01,-1.536787394434213638e-02,-3.497794568538665771e-01,5.415808558464050293e-01,1.179993897676467896e-01,-4.597964882850646973e-01,-6.983412802219390869e-02,-2.709255553781986237e-02
5.676930427551269531e+00,3.218784928321838379e-02,7.749751210212707520e-01,9.976066350936889648e-01,3.749684244394302368e-02,-5.217304453253746033e-02,-2.555439434945583344e-02,1.134885400533676147e-01,-1.422923356294631958e-01,1.518463194370269775e-01,1.178422644734382629e-01,-1.509824246168136597e-01,8.183983713388442993e-02,-3.085370063781738281e-01,-1.675466150045394897e-01,-1.601688005030155182e-02,1.283578038215637207e+00,-2.840213179588317871e-01,7.463287562131881714e-03,2.727851504459977150e-03,-6.178907305002212524e-02,2.036892324686050415e-01,1.049779057502746582e-01,4.703250527381896973e-01,-6.014607548713684082e-01,3.043998181819915771e-01,5.984405279159545898e-01,-1.378931850194931030e-01,3.911809027194976807e-01,1.378521695733070374e-02,-3.393814563751220703e-01,4.998558163642883301e-01,2.358781695365905762e-01,-4.583561420440673828e-01,-6.698184460401535034e-02,-7.416590303182601929e-02
5.710654735565185547e+00,3.331650793552398682e-02,7.755393981933593750e-01,9.982707500457763672e-01,2.827794477343559265e-02,-5.016652867197990417e-02,-1.179722044616937637e-02,1.573990434408187866e-01,-1.278517693281173706e-01,1.230388283729553223e-01,1.193123757839202881e-01,-1.865794956684112549e-01,8.290530741214752197e-02,-3.810785412788391113e-01,-1.542822271585464478e-01,-4.443972930312156677e-02,1.168536305427551270e+00,-2.959513664245605469e-01,-1.457288861274719238e-02,-3.096820786595344543e-02,-4.513026401400566101e-02,2.094764411449432373e-01,3.802796080708503723e-02,4.524281322956085205e-01,-6.006652712821960449e-01,3.123934566974639893e-01,5.873432159423828125e-01,-1.304503232240676880e-01,3.964172601699829102e-01,4.091591015458106995e-02,-3.295981884002685547e-01,4.601125121116638184e-01,3.397991359233856201e-01,-4.405652284622192383e-01,-6.728003174066543579e-02,-1.240069568157196045e-01
5.743527889251708984e+00,3.404630720615386963e-02,7.737200856208801270e-01,9.986314773559570312e-01,2.212870866060256958e-02,-4.736876860260963440e-02,1.290235319174826145e-03,1.987667828798294067e-01,-1.165495365858078003e-01,9.990053623914718628e-02,1.228887513279914856e-01,-2.255887091159820557e-01,8.358374238014221191e-02,-4.305737316608428955e-01,-1.364992558956146240e-01,-6.070460751652717590e-02,9.987533688545227051e-01,-2.783113718032836914e-01,-1.966940797865390778e-02,-6.135598570108413696e-02,-3.556804358959197998e-02,2.143699377775192261e-01,-3.074861317873001099e-02,4.394087195396423340e-01,-6.009507775306701660e-01,3.070297837257385254e-01,5.725142359733581543e-01,-1.232088580727577209e-01,4.063352346420288086e-01,6.852062046527862549e-02,-3.249976336956024170e-01,4.326284229755401611e-01,4.204032421112060547e-01,-4.187810719013214111e-01,-7.147945463657379150e-02,-1.714506000280380249e-01
5.776902675628662109e+00,3.423890843987464905e-02,7.700357437133789062e-01,9.987819790840148926e-01,1.828609034419059753e-02,-4.394338279962539673e-02,1.300570741295814514e-02,2.414211928844451904e-01,-1.081072166562080383e-01,8.025973290205001831e-02,1.257783770561218262e-01,-2.655673027038574219e-01,8.151423186063766479e-02,-4.502199292182922363e-01,-1.206052452325820923e-01,-8.039371669292449951e-02,7.743330597877502441e-01,-2.326111942529678345e-01,-1.319514773786067963e-02,-8.805342018604278564e-02,-3.146421909332275391e-02,2.158092260360717773e-01,-9.703940153121948242e-02,4.301748573780059814e-01,-6.017788648605346680e-01,2.902001440525054932e-01,5.600475668907165527e-01,-1.167450919747352600e-01,4.144120216369628906e-01,9.823742508888244629e-02,-3.247145116329193115e-01,4.192707836627960205e-01,4.770040512084960938e-01,-4.027708470821380615e-01,-7.708923518657684326e-02,-2.108188867568969727e-01
5.812073230743408203e+00,3.411389887332916260e-02,7.647616267204284668e-01,9.987405538558959961e-01,1.691257394850254059e-02,-4.118546098470687866e-02,2.313013374805450439e-02,2.878177464008331299e-01,-1.037127077579498291e-01,6.208484992384910583e-02,1.303368657827377319e-01,-3.005363047122955322e-01,7.613443583250045776e-02,-4.341193735599517822e-01,-1.052624359726905823e-01,-1.064322218298912048e-01,4.999094009399414062e-01,-1.799057275056838989e-01,6.946274079382419586e-03,-1.102035120129585266e-01,-3.283155709505081177e-02,2.140997201204299927e-01,-1.555134952068328857e-01,4.245634078979492188e-01,-6.060683727264404297e-01,2.646994888782501221e-01,5.542340278625488281e-01,-1.138337329030036926e-01,4.171032011508941650e-01,1.300885975360870361e-01,-3.249432742595672607e-01,4.151296615600585938e-01,5.119532942771911621e-01,-3.922813534736633301e-01,-8.769836276769638062e-02,-2.360882163047790527e-01
5.849850654602050781e+00,3.374158218502998352e-02,7.578565478324890137e-01,9.983971714973449707e-01,2.240005508065223694e-02,-3.909553959965705872e-02,3.424691781401634216e-02,3.418060839176177979e-01,-1.117474511265754700e-01,3.972753137350082397e-02,1.326852440834045410e-01,-3.240659534931182861e-01,7.460568845272064209e-02,-3.968181908130645752e-01,-1.028799489140510559e-01,-1.366424858570098877e-01,2.135185301303863525e-01,-1.318057179450988770e-01,4.848627746105194092e-02,-1.317868530750274658e-01,-4.929166287183761597e-02,2.071776688098907471e-01,-2.004214972257614136e-01,4.248610436916351318e-01,-6.100749969482421875e-01,2.260586023330688477e-01,5.409462451934814453e-01,-1.074145138263702393e-01,4.084173738956451416e-01,1.673664301633834839e-01,-3.236206769943237305e-01,4.148735404014587402e-01,5.272816419601440430e-01,-3.802009522914886475e-01,-9.700705111026763916e-02,-2.504534125328063965e-01
5.889058113098144531e+00,3.301620483398437500e-02,7.499887943267822266e-01,9.976879358291625977e-01,3.080120868980884552e-02,-3.775538504123687744e-02,4.737795516848564148e-02,3.944047391414642334e-01,-1.192796751856803894e-01,1.422262471169233322e-02,1.353714913129806519e-01,-3.346738517284393311e-01,7.575561106204986572e-02,-4.151741266250610352e-01,-1.224113628268241882e-01,-1.684058904647827148e-01,1.296592503786087036e-01,-1.617155969142913818e-01,6.904949247837066650e-02,-1.582007259130477905e-01,-7.214573025703430176e-02,1.968031376600265503e-01,-2.325572520494461060e-01,4.266390204429626465e-01,-6.121795177459716797e-01,1.851956397294998169e-01,5.350743532180786133e-01,-1.052061244845390320e-01,4.028257429599761963e-01,2.021924704313278198e-01,-3.176179528236389160e-01,4.102039933204650879e-01,5.300847291946411133e-01,-3.681096434593200684e-01,-1.065687686204910278e-01,-2.569973766803741455e-01
5.930615425109863281e+00,3.194389492273330688e-02,7.432373762130737305e-01,9.974453449249267578e-01,3.294540941715240479e-02,-3.469288721680641174e-02,5.304454267024993896e-02,4.381616711616516113e-01,-1.131161972880363464e-01,5.009922315366566181e-04,1.507977992296218872e-01,-3.325785994529724121e-01,7.584951072931289673e-02,-4.279291033744812012e-01,-1.244833171367645264e-01,-2.079813480377197266e-01,1.260812431573867798e-01,-1.916921585798263550e-01,8.501391112804412842e-02,-1.736215949058532715e-01,-8.122985064983367920e-02,1.821752041578292847e-01,-2.421102076768875122e-01,4.314501285552978516e-01,-6.109170317649841309e-01,1.406905204057693481e-01,5.316538810729980469e-01,-1.064776331186294556e-01,3.994505703449249268e-01,2.300989478826522827e-01,-3.078530728816986084e-01,4.073188602924346924e-01,5.314623117446899414e-01,-3.492443859577178955e-01,-1.138159707188606262e-01,-2.595333755016326904e-01
5.973382949829101562e+00,3.064670413732528687e-02,7.381810545921325684e-01,9.980201721191406250e-01,2.483310736715793610e-02,-2.848853729665279388e-02,5.027402564883232117e-02,4.485618770122528076e-01,-8.714722096920013428e-02,3.790925955399870872e-03,2.261410802602767944e-01,-3.316041529178619385e-01,7.085292786359786987e-02,-4.225769042968750000e-01,-9.269409626722335815e-02,-2.304582148790359497e-01,1.417728364467620850e-01,-1.787697225809097290e-01,6.998504698276519775e-02,-1.750169843435287476e-01,-6.611935794353485107e-02,1.611594110727310181e-01,-2.296351045370101929e-01,4.391995668411254883e-01,-6.104629635810852051e-01,1.032045930624008179e-01,5.268159508705139160e-01,-1.085458844900131226e-01,3.962749242782592773e-01,2.490506172180175781e-01,-2.993053197860717773e-01,4.130476713180541992e-01,5.294557213783264160e-01,-3.322889506816864014e-01,-1.166733801364898682e-01,-2.541053295135498047e-01
6.016686916351318359e+00,2.896823547780513763e-02,7.366481423377990723e-01,9.988400340080261230e-01,3.216575598344206810e-03,-1.878807321190834045e-02,4.421874508261680603e-02,4.129572510719299316e-01,-3.395425155758857727e-02,9.224013425409793854e-03,3.850465714931488037e-01,-3.172290921211242676e-01,5.806949734687805176e-02,-4.238623976707458496e-01,-2.428941801190376282e-02,-2.247142940759658813e-01,1.835836470127105713e-01,-1.090917140245437622e-01,1.656112819910049438e-02,-1.670817881822586060e-01,-1.960450597107410431e-02,1.356426924467086792e-01,-2.042462825775146484e-01,4.465304017066955566e-01,-6.073268651962280273e-01,7.860937714576721191e-02,5.123608708381652832e-01,-1.128826737403869629e-01,3.953184187412261963e-01,2.571045160293579102e-01,-2.913212776184082031e-01,4.248570203781127930e-01,5.300903916358947754e-01,-3.211093544960021973e-01,-1.173367798328399658e-01,-2.432801872491836548e-01
6.060131072998046875e+00,2.710033953189849854e-02,7.382342219352722168e-01,9.988451600074768066e-01,-2.396940253674983978e-02,-1.378167048096656799e-02,3.929183632135391235e-02,3.589493036270141602e-01,3.023729659616947174e-02,-3.243492450565099716e-03,5.788066983222961426e-01,-2.392682433128356934e-01,3.470303490757942200e-02,-4.223537147045135498e-01,4.544178023934364319e-02,-2.186734825372695923e-01,2.483317553997039795e-01,-1.631567999720573425e-02,-2.521739713847637177e-02,-1.613752692937850952e-01,3.928993269801139832e-02,1.197109594941139221e-01,-1.666277050971984863e-01,4.503693878650665283e-01,-6.008400321006774902e-01,7.763349264860153198e-02,5.033543705940246582e-01,-1.254169046878814697e-01,4.119432270526885986e-01,2.496293932199478149e-01,-2.865226864814758301e-01,4.456687867641448975e-01,5.462324023246765137e-01,-3.118735551834106445e-01,-1.206587031483650208e-01,-2.387226372957229614e-01
6.105016708374023438e+00,2.560502663254737854e-02,7.428186535835266113e-01,9.982298612594604492e-01,-4.534051939845085144e-02,-2.010776661336421967e-02,3.281872719526290894e-02,3.084688484668731689e-01,7.786299288272857666e-02,-2.446343377232551575e-02,7.748197913169860840e-01,-6.297390162944793701e-02,-2.193345874547958374e-02,-3.662478625774383545e-01,9.945345669984817505e-02,-2.225290834903717041e-01,2.877907752990722656e-01,-7.104490417987108231e-03,-4.017480462789535522e-02,-1.504867225885391235e-01,8.512142300605773926e-02,1.223367676138877869e-01,-1.274842321872711182e-01,4.475291669368743896e-01,-5.983610153198242188e-01,9.928504377603530884e-02,4.870338141918182373e-01,-1.347084492444992065e-01,4.236171841621398926e-01,2.225338220596313477e-01,-2.908982932567596436e-01,4.760177433490753174e-01,5.644780993461608887e-01,-3.159139454364776611e-01,-1.210289373993873596e-01,-2.400786131620407104e-01
6.147883415222167969e+00,2.431807480752468109e-02,7.488358616828918457e-01,9.971078038215637207e-01,-6.144909188151359558e-02,-3.330127894878387451e-02,2.985015697777271271e-02,2.379693239927291870e-01,1.085067316889762878e-01,-5.745664611458778381e-02,9.660905003547668457e-01,1.225932613015174866e-01,-9.451560676097869873e-02,-2.666031718254089355e-01,1.490784138441085815e-01,-2.258083373308181763e-01,2.770387232303619385e-01,-4.793704673647880554e-02,-5.697363615036010742e-02,-1.387101560831069946e-01,1.172642931342124939e-01,1.405774354934692383e-01,-9.460625052452087402e-02,4.446891248226165771e-01,-6.163124442100524902e-01,1.406937390565872192e-01,4.795540571212768555e-01,-1.342307925224304199e-01,4.255415499210357666e-01,1.864335536956787109e-01,-3.006119430065155029e-01,5.155922770500183105e-01,5.560469031333923340e-01,-3.399557769298553467e-01,-1.166449412703514099e-01,-2.285865843296051025e-01
6.188148975372314453e+00,2.354905568063259125e-02,7.549903988838195801e-01,9.959737062454223633e-01,-7.119698077440261841e-02,-4.552470520138740540e-02,2.991624176502227783e-02,1.496191173791885376e-01,1.716585010290145874e-01,-3.774482384324073792e-02,1.133859992027282715e+00,7.021414488554000854e-02,-6.875473260879516602e-02,-1.476335972547531128e-01,1.864950954914093018e-01,-2.252408415079116821e-01,2.169168293476104736e-01,-7.709443569183349609e-02,-6.253886222839355469e-02,-1.244001090526580811e-01,1.345091015100479126e-01,1.607068330049514771e-01,-7.128514349460601807e-02,4.522258639335632324e-01,-6.515586376190185547e-01,1.893128603696823120e-01,4.902034997940063477e-01,-1.314364373683929443e-01,4.230128824710845947e-01,1.461280584335327148e-01,-3.166522979736328125e-01,5.566719174385070801e-01,5.088137984275817871e-01,-3.738268315792083740e-01,-1.124848797917366028e-01,-2.119170278310775757e-01
6.227058410644531250e+00,2.322071045637130737e-02,7.616782188415527344e-01,9.957498908042907715e-01,-6.860391050577163696e-02,-5.359105393290519714e-02,3.006045147776603699e-02,4.402070119976997375e-02,2.393777370452880859e-01,1.822083070874214172e-02,1.249783396720886230e+00,-6.957536190748214722e-02,2.229146473109722137e-02,-3.650570660829544067e-02,1.946731209754943848e-01,-2.108618170022964478e-01,1.547033786773681641e-01,-1.004601642489433289e-01,-6.561890244483947754e-02,-1.049173027276992798e-01,1.262626200914382935e-01,1.735842078924179077e-01,-5.414829403162002563e-02,4.660280048847198486e-01,-6.909949183464050293e-01,2.379598766565322876e-01,5.052718520164489746e-01,-1.363925039768218994e-01,4.172730445861816406e-01,1.057564318180084229e-01,-3.345159888267517090e-01,5.912622213363647461e-01,4.400736689567565918e-01,-4.041923880577087402e-01,-1.105250939726829529e-01,-1.963106542825698853e-01
6.264977455139160156e+00,2.324481122195720673e-02,7.671849727630615234e-01,9.962112903594970703e-01,-5.843242257833480835e-02,-5.858668684959411621e-02,2.676304616034030914e-02,-6.175545603036880493e-02,2.522930502891540527e-01,5.440531671047210693e-02,1.294702649116516113e+00,-1.874363720417022705e-01,8.091890066862106323e-02,5.106868594884872437e-02,1.832980364561080933e-01,-1.853246241807937622e-01,1.221386194229125977e-01,-1.311345994472503662e-01,-6.796608120203018188e-02,-7.843903452157974243e-02,1.029431000351905823e-01,1.828223317861557007e-01,-3.155934810638427734e-02,4.821790456771850586e-01,-7.195690274238586426e-01,2.817561924457550049e-01,5.106130838394165039e-01,-1.442690193653106689e-01,4.067431092262268066e-01,6.165526807308197021e-02,-3.513346016407012939e-01,6.190713644027709961e-01,3.668412864208221436e-01,-4.187459945678710938e-01,-1.076852977275848389e-01,-1.821718662977218628e-01
6.302445411682128906e+00,2.372606843709945679e-02,7.702260613441467285e-01,9.968192577362060547e-01,-4.777800664305686951e-02,-6.095365434885025024e-02,1.879393309354782104e-02,-1.631800085306167603e-01,2.235407531261444092e-01,6.799393892288208008e-02,1.269142389297485352e+00,-2.610326111316680908e-01,9.280236810445785522e-02,1.170997247099876404e-01,1.660134941339492798e-01,-1.573928147554397583e-01,1.136635318398475647e-01,-1.668409556150436401e-01,-7.089293003082275391e-02,-4.551461338996887207e-02,8.027824014425277710e-02,1.907823085784912109e-01,3.467407776042819023e-03,4.983561336994171143e-01,-7.272662520408630371e-01,3.170023262500762939e-01,5.115506649017333984e-01,-1.500848084688186646e-01,3.964664638042449951e-01,1.238993555307388306e-02,-3.698790371417999268e-01,6.435512304306030273e-01,2.921647727489471436e-01,-4.218383133411407471e-01,-1.034514755010604858e-01,-1.653204262256622314e-01
6.339971542358398438e+00,2.467459999024868011e-02,7.705509066581726074e-01,9.972955584526062012e-01,-4.071472957730293274e-02,-6.070438399910926819e-02,7.672948762774467468e-03,-2.538439333438873291e-01,1.923759281635284424e-01,7.749798893928527832e-02,1.180109381675720215e+00,-2.944264411926269531e-01,7.623808085918426514e-02,1.714093834161758423e-01,1.514111608266830444e-01,-1.335598081350326538e-01,1.133634075522422791e-01,-2.014956474304199219e-01,-7.380768656730651855e-02,-9.785064496099948883e-03,6.671031564474105835e-02,1.966874301433563232e-01,5.184493213891983032e-02,5.121486783027648926e-01,-7.110309004783630371e-01,3.427524268627166748e-01,5.155231952667236328e-01,-1.522153615951538086e-01,3.926143050193786621e-01,-4.018580168485641479e-02,-3.925559818744659424e-01,6.649480462074279785e-01,2.147646844387054443e-01,-4.152764379978179932e-01,-9.895431250333786011e-02,-1.457571536302566528e-01
6.378096580505371094e+00,2.621331810951232910e-02,7.686820626258850098e-01,9.975888133049011230e-01,-3.710866346955299377e-02,-5.844022706151008606e-02,-4.926781635731458664e-03,-3.239611685276031494e-01,1.816220879554748535e-01,1.019867733120918274e-01,1.036275386810302734e+00,-3.014822602272033691e-01,5.195943638682365417e-02,2.198018580675125122e-01,1.406680941581726074e-01,-1.124842762947082520e-01,1.165596172213554382e-01,-2.344248890876770020e-01,-7.407192140817642212e-02,2.609091252088546753e-02,6.164410710334777832e-02,1.987800747156143188e-01,1.113375276327133179e-01,5.205972790718078613e-01,-6.744203567504882812e-01,3.612547814846038818e-01,5.212351679801940918e-01,-1.517961025238037109e-01,3.967323899269104004e-01,-9.168531745672225952e-02,-4.183402657508850098e-01,6.778787970542907715e-01,1.349835842847824097e-01,-4.004001021385192871e-01,-9.566345065832138062e-02,-1.250526458024978638e-01
6.416576862335205078e+00,2.838305383920669556e-02,7.653003931045532227e-01,9.977335333824157715e-01,-3.508896380662918091e-02,-5.433655530214309692e-02,-1.854834333062171936e-02,-3.693906962871551514e-01,1.939651221036911011e-01,1.554097384214401245e-01,8.390504717826843262e-01,-2.843304574489593506e-01,2.838918939232826233e-02,2.657641172409057617e-01,1.307996660470962524e-01,-8.816884458065032959e-02,1.205684393644332886e-01,-2.655335366725921631e-01,-6.872578710317611694e-02,6.030016392469406128e-02,6.057199835777282715e-02,1.952724754810333252e-01,1.815057694911956787e-01,5.208825469017028809e-01,-6.214208602905273438e-01,3.762373328208923340e-01,5.207380652427673340e-01,-1.510226130485534668e-01,4.076852202415466309e-01,-1.390434205532073975e-01,-4.433586597442626953e-01,6.784674525260925293e-01,5.466575175523757935e-02,-3.817405700683593750e-01,-9.195157885551452637e-02,-1.026837676763534546e-01
6.457167148590087891e+00,3.103114105761051178e-02,7.604991197586059570e-01,9.976216554641723633e-01,-3.394652530550956726e-02,-4.992217570543289185e-02,-3.326418995857238770e-02,-3.815450966358184814e-01,2.046827375888824463e-01,2.247533798217773438e-01,5.827109217643737793e-01,-2.542067468166351318e-01,-9.893404785543680191e-04,3.120266795158386230e-01,1.193335354328155518e-01,-5.865263566374778748e-02,1.238284111022949219e-01,-2.944150567054748535e-01,-5.489547178149223328e-02,9.227211773395538330e-02,6.095503643155097961e-02,1.891092956066131592e-01,2.578430175781250000e-01,5.123707056045532227e-01,-5.598469376564025879e-01,3.913147151470184326e-01,5.105858445167541504e-01,-1.437645852565765381e-01,4.243740737438201904e-01,-1.828871071338653564e-01,-4.613054096698760986e-01,6.704906821250915527e-01,-2.155960723757743835e-02,-3.603878617286682129e-01,-8.219949901103973389e-02,-7.521300017833709717e-02
6.501188755035400391e+00,3.398872539401054382e-02,7.542157769203186035e-01,9.969881772994995117e-01,-3.641689941287040710e-02,-4.722310975193977356e-02,-4.958219453692436218e-02,-3.585050702095031738e-01,2.017692476511001587e-01,2.732332646846771240e-01,2.905005216598510742e-01,-2.238411009311676025e-01,-5.411655828356742859e-02,3.631632924079895020e-01,1.122989356517791748e-01,-2.327544800937175751e-02,1.311353743076324463e-01,-3.188349306583404541e-01,-4.290599375963211060e-02,1.263393759727478027e-01,6.993262469768524170e-02,1.788051277399063110e-01,3.311580121517181396e-01,4.962489306926727295e-01,-5.016130805015563965e-01,4.101210236549377441e-01,4.926417469978332520e-01,-1.389745920896530151e-01,4.315805733203887939e-01,-2.147797942161560059e-01,-4.736030995845794678e-01,6.610608100891113281e-01,-8.828075975179672241e-02,-3.414667844772338867e-01,-8.010152727365493774e-02,-5.735312774777412415e-02
6.546780109405517578e+00,3.739183396100997925e-02,7.468124032020568848e-01,9.956247210502624512e-01,-4.320433363318443298e-02,-4.704985767602920532e-02,-6.819839030504226685e-02,-3.574987053871154785e-01,2.146035730838775635e-01,2.818619608879089355e-01,1.240623295307159424e-01,-2.165385633707046509e-01,-1.149503141641616821e-01,4.175226390361785889e-01,1.069651991128921509e-01,1.403858140110969543e-02,1.440040618181228638e-01,-3.269331157207489014e-01,-3.007125481963157654e-02,1.581297665834426880e-01,8.887578547000885010e-02,1.652207821607589722e-01,3.977984189987182617e-01,4.730322659015655518e-01,-4.541525542736053467e-01,4.324981868267059326e-01,4.726838767528533936e-01,-1.368232369422912598e-01,4.345180988311767578e-01,-2.351352274417877197e-01,-4.775111079216003418e-01,6.447453498840332031e-01,-1.395877748727798462e-01,-3.222590982913970947e-01,-7.654491066932678223e-02,-4.533211514353752136e-02
6.592563152313232422e+00,4.185751825571060181e-02,7.408958673477172852e-01,9.949605464935302734e-01,-4.236623644828796387e-02,-4.617844894528388977e-02,-7.826952636241912842e-02,-3.825319707393646240e-01,2.123729735612869263e-01,2.710077762603759766e-01,1.170459911227226257e-01,-2.355034053325653076e-01,-1.412362754344940186e-01,4.613637924194335938e-01,8.207506686449050903e-02,3.537873923778533936e-02,1.850328445434570312e-01,-3.233854472637176514e-01,-1.411890611052513123e-02,1.749971956014633179e-01,9.162991493940353394e-02,1.487662494182586670e-01,4.543629884719848633e-01,4.478035569190979004e-01,-4.233782887458801270e-01,4.689222276210784912e-01,4.593160748481750488e-01,-1.401486098766326904e-01,4.406476020812988281e-01,-2.342913001775741577e-01,-4.740935266017913818e-01,6.220604181289672852e-01,-1.800032854080200195e-01,-3.014642596244812012e-01,-7.739153504371643066e-02,-3.796163201332092285e-02
6.639822483062744141e+00,4.700946062803268433e-02,7.380714416503906250e-01,9.956588745117187500e-01,-2.686003781855106354e-02,-4.338293150067329407e-02,-7.784474641084671021e-02,-3.523692488670349121e-01,1.598479598760604858e-01,2.809374630451202393e-01,1.050123795866966248e-01,-1.869280934333801270e-01,-1.270522624254226685e-01,4.623157083988189697e-01,3.469860553741455078e-02,3.939162939786911011e-02,3.032525777816772461e-01,-3.178133964538574219e-01,3.662515198811888695e-03,1.779729723930358887e-01,6.240671128034591675e-02,1.284973174333572388e-01,4.939806163311004639e-01,4.282946586608886719e-01,-4.080066680908203125e-01,5.100716352462768555e-01,4.411431252956390381e-01,-1.357068270444869995e-01,4.427866041660308838e-01,-2.087079882621765137e-01,-4.657911956310272217e-01,5.976029038429260254e-01,-2.208388298749923706e-01,-2.953463196754455566e-01,-7.594828307628631592e-02,-2.511579543352127075e-02
6.687586307525634766e+00,5.242614820599555969e-02,7.387300729751586914e-01,9.965111613273620605e-01,7.032745983451604843e-03,-3.793639689683914185e-02,-7.400584220886230469e-02,-3.266493380069732666e-01,6.124413385987281799e-02,2.860621213912963867e-01,1.195606142282485962e-01,-8.831465244293212891e-02,-5.347478017210960388e-02,4.119020998477935791e-01,-4.863493517041206360e-02,4.081045463681221008e-02,5.023456811904907227e-01,-2.728817760944366455e-01,2.774300985038280487e-02,1.795008182525634766e-01,-6.664115469902753830e-03,1.052153259515762329e-01,5.175535678863525391e-01,4.180645644664764404e-01,-4.081660509109497070e-01,5.499164462089538574e-01,4.207466840744018555e-01,-1.302501410245895386e-01,4.436652362346649170e-01,-1.707530766725540161e-01,-4.513198435306549072e-01,5.780462622642517090e-01,-2.585241496562957764e-01,-3.024370670318603516e-01,-7.887727022171020508e-02,-9.338300675153732300e-03
6.736040592193603516e+00,5.740194395184516907e-02,7.411288022994995117e-01,9.961770772933959961e-01,3.878283873200416565e-02,-3.734971210360527039e-02,-6.879089027643203735e-02,-3.401301503181457520e-01,-2.290133573114871979e-02,2.639180719852447510e-01,2.432099133729934692e-01,-3.267898038029670715e-02,2.232293598353862762e-02,3.445787727832794189e-01,-1.371145695447921753e-01,3.106173314154148102e-02,7.281395792961120605e-01,-1.335550248622894287e-01,4.290299490094184875e-02,1.787605881690979004e-01,-7.115355134010314941e-02,9.224684536457061768e-02,5.194974541664123535e-01,4.159073531627655029e-01,-4.230113923549652100e-01,5.916864275932312012e-01,4.001518487930297852e-01,-1.253194659948348999e-01,4.456381797790527344e-01,-1.239427775144577026e-01,-4.326637983322143555e-01,5.681206583976745605e-01,-2.851635515689849854e-01,-3.124687373638153076e-01,-7.544793933629989624e-02,2.980738179758191109e-03
6.783320426940917969e+00,6.191346794366836548e-02,7.447515726089477539e-01,9.952213168144226074e-01,5.562390014529228210e-02,-4.741705954074859619e-02,-6.474667042493820190e-02,-2.961367964744567871e-01,-7.142983376979827881e-02,2.508886754512786865e-01,3.172389864921569824e-01,-1.776971854269504547e-02,3.689743950963020325e-02,2.637556493282318115e-01,-2.038069516420364380e-01,1.596085168421268463e-02,9.527153968811035156e-01,6.760445237159729004e-02,5.407068133354187012e-02,1.703955233097076416e-01,-1.025108098983764648e-01,9.928338229656219482e-02,5.012395381927490234e-01,4.166819453239440918e-01,-4.494483768939971924e-01,6.301602125167846680e-01,3.935693502426147461e-01,-1.181574761867523193e-01,4.397653341293334961e-01,-7.756912708282470703e-02,-4.104348719120025635e-01,5.698961615562438965e-01,-2.926646769046783447e-01,-3.387411832809448242e-01,-7.647261023521423340e-02,1.395401544868946075e-02
6.826489925384521484e+00,6.595887243747711182e-02,7.487639188766479492e-01,9.935211539268493652e-01,7.093485444784164429e-02,-5.987599864602088928e-02,-6.556617468595504761e-02,-2.087116837501525879e-01,-1.211612820625305176e-01,2.606307268142700195e-01,3.238112032413482666e-01,-5.006736889481544495e-02,4.406272247433662415e-02,1.619643270969390869e-01,-2.707151174545288086e-01,2.217486873269081116e-02,1.167218208312988281e+00,1.137405186891555786e-01,5.930851027369499207e-02,1.558943241834640503e-01,-1.280397623777389526e-01,1.189422309398651123e-01,4.686101377010345459e-01,4.208824634552001953e-01,-4.883084297180175781e-01,6.571894884109497070e-01,4.103315472602844238e-01,-1.129515469074249268e-01,4.257016777992248535e-01,-4.774188622832298279e-02,-3.916371464729309082e-01,5.862634181976318359e-01,-2.766531705856323242e-01,-3.823278546333312988e-01,-7.306905090808868408e-02,2.560072951018810272e-02
6.865816593170166016e+00,6.861324608325958252e-02,7.540228962898254395e-01,9.922637939453125000e-01,7.854586839675903320e-02,-6.750809401273727417e-02,-6.845185160636901855e-02,-1.135694608092308044e-01,-1.583345681428909302e-01,2.636709809303283691e-01,2.835811674594879150e-01,-8.343814313411712646e-02,5.494477227330207825e-02,4.692241176962852478e-02,-2.969231307506561279e-01,4.085316509008407593e-02,1.320811271667480469e+00,-2.865360677242279053e-02,4.533866047859191895e-02,1.353244930505752563e-01,-1.380523145198822021e-01,1.344930082559585571e-01,4.240819811820983887e-01,4.228475987911224365e-01,-5.236682891845703125e-01,6.755157113075256348e-01,4.311699271202087402e-01,-1.062679663300514221e-01,4.029419124126434326e-01,-1.810072548687458038e-02,-3.803086876869201660e-01,6.004554629325866699e-01,-2.543374001979827881e-01,-4.299083054065704346e-01,-6.797740608453750610e-02,3.011832386255264282e-02
6.903912544250488281e+00,6.989134848117828369e-02,7.600044608116149902e-01,9.921105504035949707e-01,7.566644996404647827e-02,-7.355545461177825928e-02,-6.768264621496200562e-02,-1.071199122816324234e-02,-1.739149391651153564e-01,2.509234845638275146e-01,2.225710302591323853e-01,-1.048187911510467529e-01,5.994786322116851807e-02,-7.081889361143112183e-02,-2.934726476669311523e-01,4.145761951804161072e-02,1.402923226356506348e+00,-1.688235849142074585e-01,1.733788172714412212e-03,1.030610054731369019e-01,-1.299977600574493408e-01,1.458993107080459595e-01,3.673620522022247314e-01,4.208820164203643799e-01,-5.511648654937744141e-01,6.961484551429748535e-01,4.396305382251739502e-01,-9.957478940486907959e-02,3.845659196376800537e-01,1.320348307490348816e-02,-3.731195032596588135e-01,6.006928086280822754e-01,-2.279424667358398438e-01,-4.507588744163513184e-01,-6.588842719793319702e-02,2.298229932785034180e-02
6.942343711853027344e+00,6.976208090782165527e-02,7.649683952331542969e-01,9.928105473518371582e-01,6.723037362098693848e-02,-7.796809077262878418e-02,-6.105857342481613159e-02,8.785725384950637817e-02,-1.750537902116775513e-01,2.237933427095413208e-01,1.606533229351043701e-01,-1.202438622713088989e-01,6.156416982412338257e-02,-1.776617914438247681e-01,-2.612303197383880615e-01,2.927214838564395905e-02,1.407309412956237793e+00,-2.626495659351348877e-01,-2.644361555576324463e-02,6.057771667838096619e-02,-1.147743612527847290e-01,1.567544341087341309e-01,2.987104654312133789e-01,4.221551418304443359e-01,-5.748001933097839355e-01,7.117574810981750488e-01,4.394881725311279297e-01,-9.214174002408981323e-02,3.690451979637145996e-01,4.313255846500396729e-02,-3.679012358188629150e-01,5.910985469818115234e-01,-1.995298713445663452e-01,-4.467960298061370850e-01,-6.774122267961502075e-02,6.214541383087635040e-03
6.980682373046875000e+00,6.885660439729690552e-02,7.679964303970336914e-01,9.940486550331115723e-01,5.710942670702934265e-02,-7.893848419189453125e-02,-4.872797057032585144e-02,1.622985601425170898e-01,-1.654273718595504761e-01,1.882414221763610840e-01,1.283778995275497437e-01,-1.451538503170013428e-01,6.168049573898315430e-02,-2.701257169246673584e-01,-2.237252295017242432e-01,2.528644632548093796e-03,1.339499354362487793e+00,-3.121277093887329102e-01,-4.240645840764045715e-02,1.281362492591142654e-02,-9.980332106351852417e-02,1.661440879106521606e-01,2.173997014760971069e-01,4.334292113780975342e-01,-6.011023521423339844e-01,7.173551321029663086e-01,4.386274218559265137e-01,-8.476173877716064453e-02,3.549256920814514160e-01,6.967929750680923462e-02,-3.652009069919586182e-01,5.759553313255310059e-01,-1.734212487936019897e-01,-4.305133521556854248e-01,-7.232810556888580322e-02,-1.816159673035144806e-02
7.017161846160888672e+00,6.757210195064544678e-02,7.687346935272216797e-01,9.953563809394836426e-01,4.808722808957099915e-02,-7.633645832538604736e-02,-3.355715796351432800e-02,2.138994187116622925e-01,-1.510365605354309082e-01,1.531331092119216919e-01,1.212615743279457092e-01,-1.805784255266189575e-01,6.154726445674896240e-02,-3.466954231262207031e-01,-1.954486519098281860e-01,-3.215270489454269409e-02,1.208440303802490234e+00,-3.252569735050201416e-01,-5.482284724712371826e-02,-3.387785330414772034e-02,-8.909007906913757324e-02,1.735071390867233276e-01,1.242336705327033997e-01,4.551927745342254639e-01,-6.304129958152770996e-01,7.136149406433105469e-01,4.404744803905487061e-01,-7.752420753240585327e-02,3.442865908145904541e-01,9.229780733585357666e-02,-3.671886622905731201e-01,5.599775910377502441e-01,-1.505399048328399658e-01,-4.158255755901336670e-01,-7.755481451749801636e-02,-4.681419208645820618e-02
7.052565097808837891e+00,6.599409133195877075e-02,7.673624157905578613e-01,9.964722394943237305e-01,4.122358188033103943e-02,-7.065737992525100708e-02,-1.874271593987941742e-02,2.533556222915649414e-01,-1.365061998367309570e-01,1.249335259199142456e-01,1.212693676352500916e-01,-2.200757861137390137e-01,6.122824177145957947e-02,-4.020850956439971924e-01,-1.706568151712417603e-01,-6.015283614397048950e-02,1.015255689620971680e+00,-3.006462752819061279e-01,-5.359255522489547729e-02,-7.440803945064544678e-02,-8.239783346652984619e-02,1.774549335241317749e-01,2.493517473340034485e-02,4.801971018314361572e-01,-6.529985666275024414e-01,6.992241740226745605e-01,4.447632730007171631e-01,-7.019070535898208618e-02,3.405629694461822510e-01,1.102870702743530273e-01,-3.751993179321289062e-01,5.476571321487426758e-01,-1.304112821817398071e-01,-4.103170037269592285e-01,-8.228632807731628418e-02,-7.426754385232925415e-02
7.087935924530029297e+00,6.421133875846862793e-02,7.643424272537231445e-01,9.973341822624206543e-01,3.607629239559173584e-02,-6.316079944372177124e-02,-5.805124994367361069e-03,2.891869544982910156e-01,-1.236679702997207642e-01,1.027681007981300354e-01,1.219974160194396973e-01,-2.605891227722167969e-01,5.949340388178825378e-02,-4.252778291702270508e-01,-1.470096111297607422e-01,-8.344338834285736084e-02,7.573165297508239746e-01,-2.373299449682235718e-01,-3.576828539371490479e-02,-1.070359423756599426e-01,-7.677991688251495361e-02,1.770171672105789185e-01,-7.099649310111999512e-02,5.001062750816345215e-01,-6.571822166442871094e-01,6.718981266021728516e-01,4.462664127349853516e-01,-6.453429907560348511e-02,3.449051380157470703e-01,1.261877864599227905e-01,-3.875975906848907471e-01,5.393493175506591797e-01,-1.138369068503379822e-01,-4.131583273410797119e-01,-8.681362122297286987e-02,-9.710752964019775391e-02
7.123760700225830078e+00,6.252667307853698730e-02,7.598515152931213379e-01,9.979215264320373535e-01,3.232432901859283447e-02,-5.548180267214775085e-02,5.430059973150491714e-03,3.263679742813110352e-01,-1.130487769842147827e-01,8.331374078989028931e-02,1.257370412349700928e-01,-2.990657985210418701e-01,5.698627233505249023e-02,-4.089153110980987549e-01,-1.226325109601020813e-01,-1.009389385581016541e-01,4.431757330894470215e-01,-1.586840003728866577e-01,-1.113847247324883938e-03,-1.309640407562255859e-01,-7.050297409296035767e-02,1.728407591581344604e-01,-1.550004333257675171e-01,5.114626884460449219e-01,-6.421793103218078613e-01,6.282100677490234375e-01,4.445843994617462158e-01,-6.391660124063491821e-02,3.549526035785675049e-01,1.445205956697463989e-01,-4.008896052837371826e-01,5.301025509834289551e-01,-1.027111336588859558e-01,-4.213626980781555176e-01,-9.484279900789260864e-02,-1.116256117820739746e-01
7.162163734436035156e+00,6.090433150529861450e-02,7.539441585540771484e-01,9.979698657989501953e-01,3.475864231586456299e-02,-5.007092654705047607e-02,1.846124231815338135e-02,3.734021186828613281e-01,-1.125460937619209290e-01,6.323945522308349609e-02,1.254177391529083252e-01,-3.245747089385986328e-01,5.315366014838218689e-02,-3.720096647739410400e-01,-1.174380555748939514e-01,-1.205328479409217834e-01,1.347658038139343262e-01,-9.258566051721572876e-02,4.849511757493019104e-02,-1.533654779195785522e-01,-7.588059455156326294e-02,1.650138497352600098e-01,-2.159535437822341919e-01,5.164426565170288086e-01,-6.084891557693481445e-01,5.550221204757690430e-01,4.293275177478790283e-01,-5.363957211375236511e-02,3.628528714179992676e-01,1.650015860795974731e-01,-4.160573184490203857e-01,5.222507119178771973e-01,-1.001633629202842712e-01,-4.255017638206481934e-01,-1.041876301169395447e-01,-1.180249080061912537e-01
7.203338623046875000e+00,5.889425799250602722e-02,7.470445632934570312e-01,9.975714683532714844e-01,3.896045312285423279e-02,-4.727327823638916016e-02,3.314552456140518188e-02,4.243331253528594971e-01,-1.084990277886390686e-01,3.896747902035713196e-02,1.250862926244735718e-01,-3.410947024822235107e-01,5.396435409784317017e-02,-4.171968102455139160e-01,-1.367002725601196289e-01,-1.286019682884216309e-01,1.099831014871597290e-01,-1.677971333265304565e-01,6.375753134489059448e-02,-1.783210486173629761e-01,-8.640892058610916138e-02,1.556299328804016113e-01,-2.602057158946990967e-01,5.090479850769042969e-01,-5.699647665023803711e-01,4.596175253391265869e-01,4.216674268245697021e-01,-4.877247661352157593e-02,3.852143585681915283e-01,1.877237111330032349e-01,-4.293451905250549316e-01,5.098470449447631836e-01,-1.000316590070724487e-01,-4.250724613666534424e-01,-1.098367944359779358e-01,-1.162641942501068115e-01
7.245250701904296875e+00,5.595116689801216125e-02,7.407596111297607422e-01,9.977493882179260254e-01,3.477879241108894348e-02,-4.324245080351829529e-02,3.763906285166740417e-02,4.718225002288818359e-01,-8.824487775564193726e-02,2.946193516254425049e-02,1.370566189289093018e-01,-3.449696004390716553e-01,5.099696293473243713e-02,-4.245979785919189453e-01,-1.321924626827239990e-01,-1.649303138256072998e-01,1.110760793089866638e-01,-2.106124758720397949e-01,7.846666872501373291e-02,-1.877725422382354736e-01,-7.944509387016296387e-02,1.438838392496109009e-01,-2.774419784545898438e-01,4.967978596687316895e-01,-5.331954956054687500e-01,3.438144922256469727e-01,4.271063506603240967e-01,-5.050838366150856018e-02,4.059025645256042480e-01,2.080705463886260986e-01,-4.381382763385772705e-01,4.993179440498352051e-01,-9.080340713262557983e-02,-4.173825085163116455e-01,-1.189012303948402405e-01,-1.247678548097610474e-01
7.288006782531738281e+00,5.195966362953186035e-02,7.353465557098388672e-01,9.985977411270141602e-01,1.967683993279933929e-02,-3.623856231570243835e-02,3.319808840751647949e-02,4.801043570041656494e-01,-4.520412161946296692e-02,4.193591699004173279e-02,2.216907888650894165e-01,-3.502537608146667480e-01,4.395792633295059204e-02,-3.958927392959594727e-01,-9.292499721050262451e-02,-2.045066356658935547e-01,1.066043525934219360e-01,-1.763296127319335938e-01,6.571300327777862549e-02,-1.822978109121322632e-01,-4.730530828237533569e-02,1.240888386964797974e-01,-2.712574005126953125e-01,4.869547486305236816e-01,-5.195589065551757812e-01,2.239171117544174194e-01,4.433282613754272461e-01,-5.006854236125946045e-02,4.062760770320892334e-01,2.247297912836074829e-01,-4.431640207767486572e-01,4.943908452987670898e-01,-7.780815660953521729e-02,-4.152428209781646729e-01,-1.269377321004867554e-01,-1.365675181150436401e-01
7.331118583679199219e+00,4.669660329818725586e-02,7.347751259803771973e-01,9.992316365242004395e-01,-1.477651577442884445e-02,-2.532919868826866150e-02,2.600602433085441589e-02,4.271971881389617920e-01,4.163364320993423462e-02,4.945315420627593994e-02,4.188051223754882812e-01,-3.445983231067657471e-01,3.580902889370918274e-02,-3.884973824024200439e-01,-4.601523280143737793e-03,-2.210803627967834473e-01,1.311152875423431396e-01,-5.243587493896484375e-02,5.707195377908647060e-04,-1.724810451269149780e-01,2.877994067966938019e-02,1.016231700778007507e-01,-2.473682016134262085e-01,4.778662025928497314e-01,-5.094023346900939941e-01,1.133332177996635437e-01,4.639573693275451660e-01,-6.019163876771926880e-02,4.062073528766632080e-01,2.280106246471405029e-01,-4.406346082687377930e-01,4.884586334228515625e-01,-4.686362668871879578e-02,-4.021403789520263672e-01,-1.328600198030471802e-01,-1.403772085905075073e-01
7.375800609588623047e+00,4.152154922485351562e-02,7.365689277648925781e-01,9.982622861862182617e-01,-4.917580261826515198e-02,-2.492436394095420837e-02,2.080753818154335022e-02,3.760654926300048828e-01,1.320057809352874756e-01,4.561483114957809448e-02,6.349669694900512695e-01,-2.572886943817138672e-01,3.084810823202133179e-02,-3.687246143817901611e-01,7.873062789440155029e-02,-2.234620451927185059e-01,1.855770647525787354e-01,3.071713261306285858e-02,-2.168767526745796204e-02,-1.685577780008316040e-01,1.027942150831222534e-01,9.570885449647903442e-02,-2.037190645933151245e-01,4.695464670658111572e-01,-5.074653625488281250e-01,3.303068503737449646e-02,4.885920882225036621e-01,-7.739464938640594482e-02,4.157128334045410156e-01,2.171593904495239258e-01,-4.358266592025756836e-01,4.886240363121032715e-01,-3.497365862131118774e-03,-3.726422190666198730e-01,-1.382968127727508545e-01,-1.381966620683670044e-01
7.422503948211669922e+00,3.713686019182205200e-02,7.412329912185668945e-01,9.964344501495361328e-01,-7.414446026086807251e-02,-3.614053875207901001e-02,1.774358190596103668e-02,3.290640711784362793e-01,2.107688635587692261e-01,4.563278704881668091e-02,8.515200614929199219e-01,-8.635953813791275024e-02,1.828273572027683258e-02,-2.908276617527008057e-01,1.429806053638458252e-01,-2.318909019231796265e-01,2.005881518125534058e-01,3.019673004746437073e-02,-1.835131645202636719e-02,-1.620653420686721802e-01,1.531696766614913940e-01,1.078734844923019409e-01,-1.569642722606658936e-01,4.591776728630065918e-01,-5.240249037742614746e-01,-4.176158923655748367e-03,5.085908770561218262e-01,-9.250833839178085327e-02,4.261846542358398438e-01,1.918075531721115112e-01,-4.295605123043060303e-01,4.960399568080902100e-01,4.284590482711791992e-02,-3.506696820259094238e-01,-1.353346258401870728e-01,-1.392434090375900269e-01
7.465418815612792969e+00,3.316203504800796509e-02,7.465833425521850586e-01,9.942386150360107422e-01,-9.122510999441146851e-02,-5.192482098937034607e-02,2.171353064477443695e-02,2.580392956733703613e-01,3.097440898418426514e-01,6.478543579578399658e-02,1.060724616050720215e+00,2.841636724770069122e-02,4.480283334851264954e-02,-1.774355173110961914e-01,1.962916702032089233e-01,-2.440928965806961060e-01,1.667816787958145142e-01,-6.489941850304603577e-03,-2.890182659029960632e-02,-1.550240218639373779e-01,1.825892478227615356e-01,1.325078904628753662e-01,-1.182408556342124939e-01,4.527627229690551758e-01,-5.624582767486572266e-01,3.453081881161779165e-04,5.344380736351013184e-01,-9.422074258327484131e-02,4.275315999984741211e-01,1.569426804780960083e-01,-4.190465211868286133e-01,5.112717151641845703e-01,7.034608721733093262e-02,-3.432717323303222656e-01,-1.258631348609924316e-01,-1.341270208358764648e-01
7.503829002380371094e+00,3.018462471663951874e-02,7.527832984924316406e-01,9.930503368377685547e-01,-9.392772614955902100e-02,-6.429453939199447632e-02,2.991327084600925446e-02,1.660902947187423706e-01,4.051432013511657715e-01,1.134974658489227295e-01,1.224650144577026367e+00,-6.187865510582923889e-02,1.176272109150886536e-01,-7.093793898820877075e-02,2.154597491025924683e-01,-2.476059794425964355e-01,1.384757459163665771e-01,-4.721599444746971130e-02,-4.259557649493217468e-02,-1.422081291675567627e-01,1.807785779237747192e-01,1.513319760560989380e-01,-9.165160357952117920e-02,4.526363313198089600e-01,-6.080409288406372070e-01,2.934954874217510223e-02,5.528141260147094727e-01,-9.623180329799652100e-02,4.185536801815032959e-01,1.181123629212379456e-01,-4.062730073928833008e-01,5.295151472091674805e-01,7.362856715917587280e-02,-3.515389561653137207e-01,-1.145983338356018066e-01,-1.254828572273254395e-01
7.539415836334228516e+00,2.835131250321865082e-02,7.588008046150207520e-01,9.928740262985229492e-01,-8.698033541440963745e-02,-7.275557518005371094e-02,3.663719817996025085e-02,5.019110068678855896e-02,4.184573292732238770e-01,1.158089339733123779e-01,1.329232335090637207e+00,-1.882300674915313721e-01,1.633297652006149292e-01,2.118065021932125092e-02,2.136036157608032227e-01,-2.392567992210388184e-01,1.184200346469879150e-01,-8.746208250522613525e-02,-5.563402175903320312e-02,-1.181915178894996643e-01,1.601291298866271973e-01,1.627737581729888916e-01,-6.439263373613357544e-02,4.526544809341430664e-01,-6.409761309623718262e-01,6.755973398685455322e-02,5.609826445579528809e-01,-1.013953238725662231e-01,3.953449130058288574e-01,7.585138827562332153e-02,-3.937137126922607422e-01,5.488130450248718262e-01,5.926839262247085571e-02,-3.589806258678436279e-01,-1.049424856901168823e-01,-1.161008700728416443e-01
7.574927806854248047e+00,2.780147828161716461e-02,7.634049654006958008e-01,9.932750463485717773e-01,-7.727430760860443115e-02,-7.781231403350830078e-02,3.713054582476615906e-02,-7.164804637432098389e-02,3.664622604846954346e-01,9.260785579681396484e-02,1.364568114280700684e+00,-2.752489149570465088e-01,1.724047958850860596e-01,9.595039486885070801e-02,2.042376846075057983e-01,-2.213025391101837158e-01,1.069580093026161194e-01,-1.228865534067153931e-01,-6.643353402614593506e-02,-8.102807402610778809e-02,1.377196907997131348e-01,1.709686219692230225e-01,-2.656457945704460144e-02,4.514868259429931641e-01,-6.508108377456665039e-01,1.066052094101905823e-01,5.651815533638000488e-01,-1.053229793906211853e-01,3.659925460815429688e-01,2.676366083323955536e-02,-3.900693356990814209e-01,5.731298923492431641e-01,3.789072483777999878e-02,-3.611097633838653564e-01,-9.707295894622802734e-02,-1.077973246574401855e-01
7.611390113830566406e+00,2.807437069714069366e-02,7.659760117530822754e-01,9.941351413726806641e-01,-6.734331697225570679e-02,-7.897951453924179077e-02,3.037062473595142365e-02,-1.823576390743255615e-01,2.992046773433685303e-01,8.413954079151153564e-02,1.322832703590393066e+00,-3.203883171081542969e-01,1.563101857900619507e-01,1.535416543483734131e-01,1.896796673536300659e-01,-1.977251768112182617e-01,1.045571267604827881e-01,-1.566752642393112183e-01,-7.167626917362213135e-02,-3.434654325246810913e-02,1.192765608429908752e-01,1.760505288839340210e-01,2.457980997860431671e-02,4.493259787559509277e-01,-6.335148215293884277e-01,1.363129466772079468e-01,5.701707005500793457e-01,-1.077126786112785339e-01,3.487858474254608154e-01,-3.040896728634834290e-02,-3.983168303966522217e-01,6.059647798538208008e-01,1.580908335745334625e-02,-3.614770174026489258e-01,-8.764357119798660278e-02,-9.776925295591354370e-02
7.646862983703613281e+00,2.883883751928806305e-02,7.658179402351379395e-01,9.948043227195739746e-01,-6.031382456421852112e-02,-7.963109761476516724e-02,1.963571086525917053e-02,-2.590953409671783447e-01,2.340471893548965454e-01,7.581651210784912109e-02,1.206074953079223633e+00,-3.345458507537841797e-01,1.203409954905509949e-01,1.972302049398422241e-01,1.741828024387359619e-01,-1.796207278966903687e-01,1.301678717136383057e-01,-2.199727445840835571e-01,-7.288870960474014282e-02,2.219998044893145561e-03,1.056260839104652405e-01,1.868699491024017334e-01,9.915921837091445923e-02,4.372208416461944580e-01,-5.771656036376953125e-01,1.380591690540313721e-01,5.628251433372497559e-01,-8.874899148941040039e-02,3.500386178493499756e-01,-1.044190675020217896e-01,-4.146267175674438477e-01,6.542305946350097656e-01,1.853930880315601826e-03,-3.759169876575469971e-01,-7.730424404144287109e-02,-9.794380515813827515e-02
7.682581901550292969e+00,3.005413152277469635e-02,7.645624279975891113e-01,9.953767061233520508e-01,-5.503290519118309021e-02,-7.851433753967285156e-02,5.662694573402404785e-03,-3.055205643177032471e-01,1.945208311080932617e-01,8.714974671602249146e-02,1.015484929084777832e+00,-3.325328826904296875e-01,6.883260607719421387e-02,2.399066686630249023e-01,1.617911607027053833e-01,-1.543973535299301147e-01,1.541545987129211426e-01,-2.751685082912445068e-01,-7.171060889959335327e-02,3.861777484416961670e-02,9.532222151756286621e-02,1.941618770360946655e-01,1.873502880334854126e-01,4.255613982677459717e-01,-5.076833963394165039e-01,1.209817975759506226e-01,5.474640727043151855e-01,-6.368054449558258057e-02,3.689595460891723633e-01,-1.842792928218841553e-01,-4.367431104183197021e-01,7.034878730773925781e-01,-1.506886631250381470e-02,-3.933480083942413330e-01,-7.351377606391906738e-02,-9.870771318674087524e-02
7.718962192535400391e+00,3.211816772818565369e-02,7.618202567100524902e-01,9.959000945091247559e-01,-5.003681778907775879e-02,-7.457517087459564209e-02,-1.085736136883497238e-02,-3.288346827030181885e-01,1.781763732433319092e-01,1.192747503519058228e-01,7.544288635253906250e-01,-3.091821670532226562e-01,2.032734267413616180e-02,2.781947851181030273e-01,1.494591534137725830e-01,-1.184985563158988953e-01,1.775250136852264404e-01,-3.264239728450775146e-01,-6.428877264261245728e-02,7.217270135879516602e-02,8.543334901332855225e-02,1.930316090583801270e-01,2.780151367187500000e-01,4.102259278297424316e-01,-4.427996575832366943e-01,1.020389646291732788e-01,5.296002030372619629e-01,-3.374613076448440552e-02,4.022476077079772949e-01,-2.636727988719940186e-01,-4.576605260372161865e-01,7.450890541076660156e-01,-3.745557367801666260e-02,-4.232183098793029785e-01,-6.919766217470169067e-02,-9.914897382259368896e-02
7.756043434143066406e+00,3.471204265952110291e-02,7.576043009757995605e-01,9.961521625518798828e-01,-4.621169716119766235e-02,-6.965837627649307251e-02,-2.632710523903369904e-02,-3.294854760169982910e-01,1.594624072313308716e-01,1.455582976341247559e-01,4.452535808086395264e-01,-2.663514018058776855e-01,-2.154981531202793121e-02,3.190814256668090820e-01,1.374744474887847900e-01,-8.184253424406051636e-02,1.865229606628417969e-01,-3.738825023174285889e-01,-5.030718073248863220e-02,9.855146706104278564e-02,7.671597599983215332e-02,1.874771714210510254e-01,3.534461855888366699e-01,3.947472572326660156e-01,-3.949508666992187500e-01,9.540046751499176025e-02,5.154750943183898926e-01,5.271530710160732269e-03,4.382810294628143311e-01,-3.321501016616821289e-01,-4.665710628032684326e-01,7.692832350730895996e-01,-6.075530871748924255e-02,-4.616946578025817871e-01,-6.308096647262573242e-02,-1.019035875797271729e-01
7.794781684875488281e+00,3.789335489273071289e-02,7.514057159423828125e-01,9.958589076995849609e-01,-4.905140399932861328e-02,-6.508132070302963257e-02,-4.029201343655586243e-02,-3.196454644203186035e-01,1.524355113506317139e-01,1.462117284536361694e-01,1.677235513925552368e-01,-2.107117921113967896e-01,-8.377857506275177002e-02,3.731406033039093018e-01,1.368474662303924561e-01,-4.892076551914215088e-02,1.620126366615295410e-01,-4.008307158946990967e-01,-4.234701022505760193e-02,1.179017275571823120e-01,8.238007128238677979e-02,1.780266761779785156e-01,3.975178599357604980e-01,3.832200765609741211e-01,-3.751274347305297852e-01,1.095167919993400574e-01,5.102944374084472656e-01,4.412542656064033508e-02,4.640596210956573486e-01,-3.822574317455291748e-01,-4.627248644828796387e-01,7.737935185432434082e-01,-7.894337177276611328e-02,-4.961426258087158203e-01,-6.457965821027755737e-02,-1.213384196162223816e-01
7.834806919097900391e+00,4.192598164081573486e-02,7.434932589530944824e-01,9.958224296569824219e-01,-5.155955255031585693e-02,-5.962920933961868286e-02,-4.608370363712310791e-02,-3.730729818344116211e-01,1.567182838916778564e-01,1.407803595066070557e-01,1.286014169454574585e-01,-2.153829932212829590e-01,-1.151665002107620239e-01,4.310347139835357666e-01,1.286424398422241211e-01,-3.878280520439147949e-02,1.371864974498748779e-01,-4.101775288581848145e-01,-3.297214582562446594e-02,1.210941821336746216e-01,8.809948712587356567e-02,1.682384163141250610e-01,4.163542985916137695e-01,3.804988861083984375e-01,-3.774739503860473633e-01,1.435860842466354370e-01,5.113964676856994629e-01,8.663079887628555298e-02,4.867205619812011719e-01,-4.132093191146850586e-01,-4.402338862419128418e-01,7.510183453559875488e-01,-1.014824137091636658e-01,-5.280337333679199219e-01,-3.998050838708877563e-02,-1.276772767305374146e-01
7.879330158233642578e+00,4.812234267592430115e-02,7.372847795486450195e-01,9.964855909347534180e-01,-3.948755562305450439e-02,-6.173940002918243408e-02,-4.056438803672790527e-02,-3.597519099712371826e-01,1.159043982625007629e-01,1.516939550638198853e-01,1.478038579225540161e-01,-2.109614014625549316e-01,-1.246479228138923645e-01,4.952779114246368408e-01,8.712463080883026123e-02,-5.137424170970916748e-02,1.619831174612045288e-01,-4.198636710643768311e-01,-1.896183751523494720e-02,1.100826933979988098e-01,6.086628884077072144e-02,1.723540723323822021e-01,4.135605692863464355e-01,3.786209821701049805e-01,-3.915916979312896729e-01,1.924021095037460327e-01,4.988537430763244629e-01,1.218851581215858459e-01,4.903097450733184814e-01,-4.143943488597869873e-01,-4.075317978858947754e-01,7.195990681648254395e-01,-1.307330429553985596e-01,-5.509315729141235352e-01,-1.395343057811260223e-02,-1.346595883369445801e-01
7.930694103240966797e+00,5.679814144968986511e-02,7.346687316894531250e-01,9.971003532409667969e-01,-8.507934398949146271e-03,-7.057914137840270996e-02,-2.714717946946620941e-02,-2.883932590484619141e-01,1.999208889901638031e-02,1.561400145292282104e-01,1.997046470642089844e-01,-1.898416280746459961e-01,-8.341005444526672363e-02,5.309057235717773438e-01,1.045522186905145645e-02,-6.716866046190261841e-02,2.808505296707153320e-01,-4.232106804847717285e-01,6.618721410632133484e-03,9.731280803680419922e-02,-2.861482556909322739e-03,1.874782890081405640e-01,4.054042398929595947e-01,3.813743591308593750e-01,-3.973018229007720947e-01,2.296591550111770630e-01,4.514949321746826172e-01,1.449126303195953369e-01,4.897287786006927490e-01,-3.884134888648986816e-01,-3.703792393207550049e-01,6.733947992324829102e-01,-1.538373827934265137e-01,-5.668485164642333984e-01,2.717708237469196320e-03,-1.500243991613388062e-01
7.991764545440673828e+00,6.584347784519195557e-02,7.341445088386535645e-01,9.951958656311035156e-01,3.792147338390350342e-02,-8.836922794580459595e-02,-1.838589087128639221e-02,-1.879037320613861084e-01,-1.114957183599472046e-01,1.591117084026336670e-01,2.342668771743774414e-01,-1.879854649305343628e-01,-3.320235759019851685e-02,5.605429410934448242e-01,-9.903530031442642212e-02,-6.439585238695144653e-02,4.491991996765136719e-01,-3.942544162273406982e-01,4.894371330738067627e-02,9.918703883886337280e-02,-9.441652148962020874e-02,2.215417772531509399e-01,3.941223025321960449e-01,3.859430849552154541e-01,-3.964456319808959961e-01,2.739189565181732178e-01,3.927276432514190674e-01,1.353587657213211060e-01,4.986790418624877930e-01,-3.492358624935150146e-01,-3.376699090003967285e-01,6.357625722885131836e-01,-1.566255986690521240e-01,-5.793612599372863770e-01,1.177682820707559586e-02,-1.631669849157333374e-01
8.057450294494628906e+00,7.334150373935699463e-02,7.421736717224121094e-01,9.936044812202453613e-01,4.792994633316993713e-02,-1.017268598079681396e-01,-1.022009830921888351e-02,-4.273630306124687195e-02,-1.528469473123550415e-01,1.388392597436904907e-01,2.056758105754852295e-01,-2.358100712299346924e-01,-8.430536836385726929e-02,5.365566015243530273e-01,-1.268062889575958252e-01,-5.827504396438598633e-02,6.465937495231628418e-01,-2.341006696224212646e-01,7.709540426731109619e-03,9.905996918678283691e-02,-1.053927764296531677e-01,2.374307066202163696e-01,3.449545204639434814e-01,3.767719268798828125e-01,-4.062191545963287354e-01,3.551005721092224121e-01,3.766176998615264893e-01,9.726785123348236084e-02,4.927375614643096924e-01,-2.626865506172180176e-01,-3.141233921051025391e-01,6.255959868431091309e-01,-1.283642500638961792e-01,-5.875427126884460449e-01,-4.571071767713874578e-04,-1.565331816673278809e-01
8.113373756408691406e+00,7.737412303686141968e-02,7.515376210212707520e-01,9.935903549194335938e-01,4.255992174148559570e-02,-1.044631600379943848e-01,-7.373813074082136154e-03,9.456345438957214355e-02,-1.484944373369216919e-01,1.203608736395835876e-01,1.081759333610534668e-01,-2.201594114303588867e-01,-1.303550899028778076e-01,4.655695557594299316e-01,-1.380951553583145142e-01,-6.669835001230239868e-02,8.290694355964660645e-01,-8.807820081710815430e-02,-1.378989312797784805e-02,7.881931960582733154e-02,-9.324866533279418945e-02,2.290859073400497437e-01,3.156136274337768555e-01,3.379117250442504883e-01,-4.153471589088439941e-01,4.163067936897277832e-01,3.394157886505126953e-01,5.993801355361938477e-02,4.946872591972351074e-01,-2.050863653421401978e-01,-2.963456213474273682e-01,6.606808304786682129e-01,-5.484525859355926514e-02,-5.935580134391784668e-01,-4.778460040688514709e-02,-1.362176835536956787e-01
8.158557891845703125e+00,7.999736070632934570e-02,7.570564746856689453e-01,9.948061704635620117e-01,3.324509784579277039e-02,-9.556338191032409668e-02,-1.109638065099716187e-02,1.430453658103942871e-01,-1.292943209409713745e-01,1.161035150289535522e-01,1.087344437837600708e-01,-2.507011890411376953e-01,-1.449495553970336914e-01,3.583036065101623535e-01,-1.563306599855422974e-01,-9.656957536935806274e-02,9.614101052284240723e-01,-1.427105963230133057e-01,-2.907212451100349426e-02,5.459668114781379700e-02,-7.490374892950057983e-02,2.127376943826675415e-01,2.926005721092224121e-01,3.038194477558135986e-01,-4.304057955741882324e-01,4.239360690116882324e-01,2.888956964015960693e-01,3.440021723508834839e-02,4.803631007671356201e-01,-1.629422754049301147e-01,-2.955891489982604980e-01,7.115563154220581055e-01,1.311182137578725815e-02,-5.992303490638732910e-01,-8.811671286821365356e-02,-1.172706708312034607e-01
8.196739196777343750e+00,8.223386108875274658e-02,7.600476741790771484e-01,9.962946772575378418e-01,2.426934055984020233e-02,-8.036587387323379517e-02,-1.868823543190956116e-02,1.675819158554077148e-01,-1.108701452612876892e-01,1.246227324008941650e-01,1.108445450663566589e-01,-2.768089771270751953e-01,-1.471331566572189331e-01,2.270636707544326782e-01,-1.809261292219161987e-01,-1.383481472730636597e-01,1.039960026741027832e+00,-2.562678158283233643e-01,-4.463634267449378967e-02,2.874327823519706726e-02,-5.741653218865394592e-02,1.968925297260284424e-01,2.512122094631195068e-01,2.826510071754455566e-01,-4.555771946907043457e-01,3.960276246070861816e-01,2.292497009038925171e-01,1.302623283118009567e-02,4.495087563991546631e-01,-1.319983303546905518e-01,-3.045133352279663086e-01,7.496894001960754395e-01,7.981174439191818237e-02,-5.926119089126586914e-01,-1.158358007669448853e-01,-1.082004979252815247e-01
8.233325958251953125e+00,8.457167446613311768e-02,7.606993317604064941e-01,9.974424242973327637e-01,1.765061169862747192e-02,-6.362467259168624878e-02,-2.736698649823665619e-02,1.868295073509216309e-01,-1.000611335039138794e-01,1.372573077678680420e-01,1.146115288138389587e-01,-3.022458553314208984e-01,-1.293478608131408691e-01,8.460115641355514526e-02,-2.214542776346206665e-01,-1.979971528053283691e-01,1.076469779014587402e+00,-3.603563010692596436e-01,-5.929345637559890747e-02,-4.514589905738830566e-03,-4.615004360675811768e-02,1.876699030399322510e-01,1.852073669433593750e-01,2.783423960208892822e-01,-4.895662665367126465e-01,3.540681898593902588e-01,1.778637021780014038e-01,-4.883749876171350479e-03,4.153248369693756104e-01,-1.053818464279174805e-01,-3.180977404117584229e-01,7.657439112663269043e-01,1.536471247673034668e-01,-5.861817598342895508e-01,-1.275234818458557129e-01,-1.057932004332542419e-01
8.276665687561035156e+00,8.733432739973068237e-02,7.591052055358886719e-01,9.981295466423034668e-01,1.477695163339376450e-02,-4.833297803997993469e-02,-3.439438343048095703e-02,2.076735198497772217e-01,-1.004624962806701660e-01,1.477953642606735229e-01,1.207177862524986267e-01,-3.286578655242919922e-01,-9.086807072162628174e-02,-6.509757786989212036e-02,-2.525525987148284912e-01,-2.351444065570831299e-01,1.083595752716064453e+00,-4.321956038475036621e-01,-7.122222334146499634e-02,-4.513664171099662781e-02,-4.544016718864440918e-02,1.881656944751739502e-01,9.937386959791183472e-02,2.928583920001983643e-01,-5.285583138465881348e-01,3.044409155845642090e-01,1.406754702329635620e-01,-1.952281408011913300e-02,3.871386647224426270e-01,-7.285988330841064453e-02,-3.361587524414062500e-01,7.587307691574096680e-01,2.248054146766662598e-01,-5.883277654647827148e-01,-1.260447651147842407e-01,-1.081739962100982666e-01
8.324503898620605469e+00,9.027109295129776001e-02,7.558200955390930176e-01,9.986635446548461914e-01,1.350329536944627762e-02,-3.374441340565681458e-02,-3.674484044313430786e-02,2.292814701795578003e-01,-1.058986634016036987e-01,1.479243338108062744e-01,1.251642256975173950e-01,-3.568133711814880371e-01,-4.520472139120101929e-02,-2.162421643733978271e-01,-2.389037311077117920e-01,-2.177833467721939087e-01,1.054231405258178711e+00,-4.590489268302917480e-01,-5.959990993142127991e-02,-9.016133099794387817e-02,-4.925864934921264648e-02,1.924756020307540894e-01,7.826987653970718384e-03,3.214634358882904053e-01,-5.626724958419799805e-01,2.410831451416015625e-01,1.185729578137397766e-01,-2.964582853019237518e-02,3.658397197723388672e-01,-2.645604498684406281e-02,-3.586144149303436279e-01,7.301536798477172852e-01,2.697565257549285889e-01,-5.861893892288208008e-01,-1.197633072733879089e-01,-1.177575364708900452e-01
8.370264053344726562e+00,9.225367754697799683e-02,7.528715729713439941e-01,9.992949962615966797e-01,9.417375549674034119e-03,-1.835591718554496765e-02,-3.136721998453140259e-02,2.488759756088256836e-01,-1.038095951080322266e-01,1.343511939048767090e-01,1.267750859260559082e-01,-3.834479451179504395e-01,-4.486348479986190796e-03,-3.366517722606658936e-01,-1.815663129091262817e-01,-1.684089004993438721e-01,9.765918850898742676e-01,-4.508999288082122803e-01,-1.363542396575212479e-02,-1.415318101644515991e-01,-4.532681778073310852e-02,1.940855234861373901e-01,-7.091984897851943970e-02,3.540860414505004883e-01,-5.907196998596191406e-01,1.639723479747772217e-01,1.052985638380050659e-01,-3.828354552388191223e-02,3.572057783603668213e-01,3.411363810300827026e-02,-3.824955821037292480e-01,6.778993010520935059e-01,2.785944938659667969e-01,-5.567264556884765625e-01,-1.183720082044601440e-01,-1.318822950124740601e-01
8.417209625244140625e+00,9.399279952049255371e-02,7.527868747711181641e-01,9.997937679290771484e-01,-2.704217331483960152e-04,-1.766225206665694714e-03,-2.022982388734817505e-02,2.551981210708618164e-01,-8.613807708024978638e-02,1.125800237059593201e-01,1.523039638996124268e-01,-3.966518938541412354e-01,2.999251894652843475e-02,-3.912398219108581543e-01,-1.185497865080833435e-01,-1.481453776359558105e-01,8.484530448913574219e-01,-4.345107972621917725e-01,4.679560288786888123e-02,-1.918781101703643799e-01,-2.560805529356002808e-02,1.929048746824264526e-01,-1.244935020804405212e-01,3.830790817737579346e-01,-6.088370680809020996e-01,8.463297784328460693e-02,8.025415241718292236e-02,-5.302680656313896179e-02,3.463609218597412109e-01,9.756097197532653809e-02,-3.997341096401214600e-01,6.179371476173400879e-01,2.691349387168884277e-01,-5.130071640014648438e-01,-1.107190772891044617e-01,-1.430017948150634766e-01
8.465934753417968750e+00,9.668179601430892944e-02,7.551482915878295898e-01,9.997711181640625000e-01,-1.209399476647377014e-02,1.410073507577180862e-02,-1.061350759118795395e-02,2.015116810798645020e-01,-5.235825479030609131e-02,1.108324602246284485e-01,3.266685307025909424e-01,-4.065538048744201660e-01,6.917473673820495605e-02,-3.915408253669738770e-01,-5.245248228311538696e-02,-1.339999437332153320e-01,7.263805866241455078e-01,-3.970634639263153076e-01,1.120212152600288391e-01,-2.284182459115982056e-01,3.187182359397411346e-03,1.991154700517654419e-01,-1.474287807941436768e-01,4.058453440666198730e-01,-6.134770512580871582e-01,2.835595607757568359e-02,6.376445293426513672e-02,-6.989676505327224731e-02,3.398301899433135986e-01,1.362849324941635132e-01,-4.005666077136993408e-01,5.794767141342163086e-01,2.674832642078399658e-01,-4.867749512195587158e-01,-1.112260296940803528e-01,-1.381974220275878906e-01
8.512863159179687500e+00,9.955926239490509033e-02,7.550879716873168945e-01,9.995129108428955078e-01,-1.477074343711137772e-02,2.736510895192623138e-02,-2.642159583047032356e-03,9.328509867191314697e-02,-2.591778710484504700e-02,1.284365355968475342e-01,6.288697123527526855e-01,-3.440164327621459961e-01,1.137185394763946533e-01,-3.385224044322967529e-01,-4.756607115268707275e-03,-1.048224344849586487e-01,6.544874310493469238e-01,-3.650827109813690186e-01,1.839657127857208252e-01,-2.412918657064437866e-01,1.843690872192382812e-02,2.078278213739395142e-01,-1.425958871841430664e-01,4.192556738853454590e-01,-6.018363237380981445e-01,2.360311523079872131e-02,7.724844664335250854e-02,-8.755217492580413818e-02,3.494390249252319336e-01,1.252501010894775391e-01,-3.868086636066436768e-01,5.779526233673095703e-01,2.611415982246398926e-01,-4.829581677913665771e-01,-1.240057274699211121e-01,-1.079686507582664490e-01
8.561556816101074219e+00,1.011232361197471619e-01,7.485644817352294922e-01,9.990887641906738281e-01,-2.402039431035518646e-02,3.527580574154853821e-02,5.109310732223093510e-04,-5.779179185628890991e-02,3.223842009902000427e-02,1.412977427244186401e-01,1.000465750694274902e+00,-2.945509254932403564e-01,1.495180726051330566e-01,-2.486390471458435059e-01,2.209093421697616577e-02,-1.355191767215728760e-01,6.201772689819335938e-01,-4.293763935565948486e-01,1.118854358792304993e-01,-2.212501615285873413e-01,4.588632285594940186e-02,2.304308712482452393e-01,-1.230786591768264771e-01,4.291231036186218262e-01,-5.735347867012023926e-01,6.364786624908447266e-02,1.105953231453895569e-01,-8.881795406341552734e-02,3.690109252929687500e-01,5.642167851328849792e-02,-3.635921180248260498e-01,6.120056509971618652e-01,2.521659135818481445e-01,-4.751699566841125488e-01,-1.264035403728485107e-01,-6.755256652832031250e-02
8.610224723815917969e+00,1.014913171529769897e-01,7.333307862281799316e-01,9.987736940383911133e-01,-3.253592550754547119e-02,3.726211190223693848e-02,2.002876484766602516e-03,-2.187339812517166138e-01,1.137324273586273193e-01,1.528905034065246582e-01,1.318020105361938477e+00,-3.809292912483215332e-01,1.905563324689865112e-01,-1.776028424501419067e-01,3.478974103927612305e-02,-1.658663898706436157e-01,6.395512223243713379e-01,-5.441132187843322754e-01,4.680844023823738098e-02,-1.841366291046142578e-01,6.747483462095260620e-02,2.682389914989471436e-01,-8.908518403768539429e-02,4.421571791172027588e-01,-5.387639403343200684e-01,1.079603806138038635e-01,1.319069862365722656e-01,-8.822026103734970093e-02,3.869123160839080811e-01,-7.201050966978073120e-02,-3.520670235157012939e-01,6.630064845085144043e-01,2.173274904489517212e-01,-4.552896618843078613e-01,-1.303530931472778320e-01,-5.850902199745178223e-02
8.652359962463378906e+00,1.024765297770500183e-01,7.177743315696716309e-01,9.984184503555297852e-01,-3.718246892094612122e-02,4.196244850754737854e-02,-4.157838411629199982e-03,-4.073624014854431152e-01,2.003758102655410767e-01,1.730037033557891846e-01,1.507965087890625000e+00,-4.684197902679443359e-01,2.270326614379882812e-01,-1.350626647472381592e-01,4.170848429203033447e-02,-1.655218750238418579e-01,6.852697730064392090e-01,-6.287262439727783203e-01,4.235790669918060303e-02,-1.282540112733840942e-01,8.628824353218078613e-02,3.066111803054809570e-01,-3.073202446103096008e-02,4.541691243648529053e-01,-4.876512587070465088e-01,1.074591353535652161e-01,1.434862017631530762e-01,-9.488623589277267456e-02,4.036393165588378906e-01,-2.533381879329681396e-01,-3.631362915039062500e-01,7.016145586967468262e-01,1.589578986167907715e-01,-4.357847571372985840e-01,-1.380055546760559082e-01,-9.800345450639724731e-02
8.700790405273437500e+00,1.041240841150283813e-01,7.062736153602600098e-01,9.981906414031982422e-01,-3.118677251040935516e-02,4.866411164402961731e-02,-1.657409965991973877e-02,-5.962685942649841309e-01,2.401997596025466919e-01,1.987204402685165405e-01,1.532078862190246582e+00,-5.130560398101806641e-01,2.288061827421188354e-01,-7.266912609338760376e-02,2.610000409185886383e-02,-1.466107070446014404e-01,6.896005272865295410e-01,-6.972787380218505859e-01,5.871447920799255371e-02,-5.815122276544570923e-02,8.271803706884384155e-02,3.284559547901153564e-01,6.558663398027420044e-02,4.622853696346282959e-01,-4.383590221405029297e-01,6.180257722735404968e-02,1.551961898803710938e-01,-9.295465052127838135e-02,4.008204638957977295e-01,-4.331897497177124023e-01,-3.900885283946990967e-01,7.148390412330627441e-01,8.657588064670562744e-02,-4.389927685260772705e-01,-1.358976364135742188e-01,-1.567946523427963257e-01
8.759981155395507812e+00,1.064843013882637024e-01,7.008074522018432617e-01,9.977555274963378906e-01,-1.303739845752716064e-02,5.997029691934585571e-02,-2.678689733147621155e-02,-7.349987030029296875e-01,2.449109703302383423e-01,2.586971819400787354e-01,1.388678550720214844e+00,-5.239057540893554688e-01,1.925397217273712158e-01,2.799780666828155518e-02,-1.838802546262741089e-02,-1.202547997236251831e-01,6.053130626678466797e-01,-7.169555425643920898e-01,7.490739226341247559e-02,8.506369777023792267e-03,4.787497967481613159e-02,3.204522728919982910e-01,1.706592142581939697e-01,4.617660641670227051e-01,-4.079241752624511719e-01,1.064584311097860336e-02,1.667535901069641113e-01,-8.371575176715850830e-02,3.814839720726013184e-01,-5.704004168510437012e-01,-4.243702292442321777e-01,7.316538691520690918e-01,1.267617288976907730e-02,-4.679575264453887939e-01,-1.214858666062355042e-01,-2.077638953924179077e-01
8.827384948730468750e+00,1.084105744957923889e-01,7.013843059539794922e-01,9.970199465751647949e-01,1.377990189939737320e-02,7.132028043270111084e-02,-2.597754821181297302e-02,-7.835954427719116211e-01,2.039481401443481445e-01,3.402206599712371826e-01,1.118284702301025391e+00,-4.900348484516143799e-01,1.339965015649795532e-01,1.627186536788940430e-01,-7.664076238870620728e-02,-9.292358160018920898e-02,4.649240970611572266e-01,-6.529276371002197266e-01,8.705527335405349731e-02,6.066168844699859619e-02,-1.253013219684362411e-02,2.968684434890747070e-01,2.519246935844421387e-01,4.639126956462860107e-01,-4.121168851852416992e-01,-1.435512956231832504e-02,1.733593642711639404e-01,-7.894463837146759033e-02,3.542342782020568848e-01,-6.385540962219238281e-01,-4.576464593410491943e-01,7.630345225334167480e-01,-4.816168919205665588e-02,-5.102880597114562988e-01,-1.031373888254165649e-01,-2.472112178802490234e-01
8.902667045593261719e+00,1.100534647703170776e-01,7.058181762695312500e-01,9.963549971580505371e-01,2.957193180918693542e-02,7.881417870521545410e-02,-1.380365062505006790e-02,-7.738628983497619629e-01,1.032220870256423950e-01,3.211828172206878662e-01,8.290967941284179688e-01,-3.743763864040374756e-01,5.714128166437149048e-02,2.780097723007202148e-01,-1.025674119591712952e-01,-9.261896461248397827e-02,3.829625248908996582e-01,-4.680900871753692627e-01,8.705001324415206909e-02,1.004084646701812744e-01,-5.623717233538627625e-02,2.763892412185668945e-01,2.743714451789855957e-01,4.735175967216491699e-01,-4.506056010723114014e-01,1.497622951865196228e-02,1.806544661521911621e-01,-7.714680582284927368e-02,3.212121427059173584e-01,-6.145080924034118652e-01,-4.913918375968933105e-01,7.856444716453552246e-01,-1.037224233150482178e-01,-5.740435719490051270e-01,-8.454739302396774292e-02,-2.723536193370819092e-01
8.987523078918457031e+00,1.119481623172760010e-01,7.115707397460937500e-01,9.965202212333679199e-01,2.418443933129310608e-02,7.962812483310699463e-02,4.684256389737129211e-03,-7.429426312446594238e-01,6.064619868993759155e-02,2.602629065513610840e-01,7.645640969276428223e-01,-3.178423047065734863e-01,4.462901130318641663e-02,3.137279748916625977e-01,-9.902811050415039062e-02,-1.431664079427719116e-01,4.846533834934234619e-01,-1.954816281795501709e-01,5.499375611543655396e-02,1.271355450153350830e-01,-6.371381133794784546e-02,2.709292173385620117e-01,2.293157428503036499e-01,4.780109524726867676e-01,-5.178859829902648926e-01,1.073654443025588989e-01,1.848536729812622070e-01,-6.732433289289474487e-02,3.075971901416778564e-01,-4.900931417942047119e-01,-5.328817367553710938e-01,7.838321924209594727e-01,-1.282138079404830933e-01,-6.305556893348693848e-01,-7.506370544433593750e-02,-2.900091111660003662e-01
9.072840690612792969e+00,1.152783483266830444e-01,7.174297571182250977e-01,9.966346621513366699e-01,1.965102553367614746e-02,7.385475188493728638e-02,2.964166738092899323e-02,-6.699807643890380859e-01,6.254751980304718018e-02,2.572713494300842285e-01,8.506780266761779785e-01,-3.447303771972656250e-01,8.560324460268020630e-02,2.497016340494155884e-01,-1.085846424102783203e-01,-1.899206191301345825e-01,7.862753272056579590e-01,9.138815104961395264e-03,2.999664098024368286e-02,1.183739677071571350e-01,-7.315233349800109863e-02,2.876469492912292480e-01,1.342563778162002563e-01,4.602324962615966797e-01,-5.766497254371643066e-01,2.215200662612915039e-01,2.101549357175827026e-01,-5.454766377806663513e-02,3.264868855476379395e-01,-3.132833838462829590e-01,-5.878188014030456543e-01,7.649324536323547363e-01,-1.242867857217788696e-01,-6.514018177986145020e-01,-6.020584702491760254e-02,-3.045340776443481445e-01
9.144331932067871094e+00,1.196157857775688171e-01,7.150140404701232910e-01,9.958879351615905762e-01,2.792403846979141235e-02,6.735017150640487671e-02,5.377201363444328308e-02,-5.672084093093872070e-01,2.002920955419540405e-02,2.420776337385177612e-01,9.021351933479309082e-01,-4.704219102859497070e-01,7.444512844085693359e-02,8.209486305713653564e-02,-1.398748010396957397e-01,-1.937076449394226074e-01,1.167090773582458496e+00,-2.040754444897174835e-02,2.083934471011161804e-02,8.083783090114593506e-02,-9.806341677904129028e-02,3.160872161388397217e-01,2.276346459984779358e-02,4.242516756057739258e-01,-6.178113818168640137e-01,2.822547256946563721e-01,2.499658316373825073e-01,-4.916787520051002502e-02,3.589948117733001709e-01,-1.094298213720321655e-01,-6.425276994705200195e-01,7.150871753692626953e-01,-8.228912204504013062e-02,-6.511029601097106934e-01,-6.198154762387275696e-02,-3.365185558795928955e-01
9.209737777709960938e+00,1.255095750093460083e-01,7.076430916786193848e-01,9.932773709297180176e-01,4.869136959314346313e-02,7.238333672285079956e-02,7.609082758426666260e-02,-4.597865343093872070e-01,-5.515399202704429626e-02,2.322365790605545044e-01,8.868707418441772461e-01,-5.712103843688964844e-01,5.532926321029663086e-02,-1.540289223194122314e-01,-2.294262349605560303e-01,-2.039279192686080933e-01,1.485470056533813477e+00,-1.906801760196685791e-01,2.627467969432473183e-03,1.845327392220497131e-02,-1.425730288028717041e-01,3.355922400951385498e-01,-9.502242505550384521e-02,3.866826891899108887e-01,-6.303018331527709961e-01,2.624801397323608398e-01,2.732073664665222168e-01,-6.539706885814666748e-02,3.982836902141571045e-01,9.651131182909011841e-02,-6.870989203453063965e-01,6.304655075073242188e-01,-3.760175406932830811e-02,-6.410932540893554688e-01,-9.725926071405410767e-02,-4.209373891353607178e-01
9.276599884033203125e+00,1.319132298231124878e-01,7.019464969635009766e-01,9.911604523658752441e-01,5.228984355926513672e-02,7.833974063396453857e-02,9.343267232179641724e-02,-3.327072858810424805e-01,-8.288939297199249268e-02,1.983400136232376099e-01,8.386697769165039062e-01,-6.598384380340576172e-01,2.964135073125362396e-02,-4.198291301727294922e-01,-3.272731006145477295e-01,-2.263672202825546265e-01,1.664394140243530273e+00,-3.457368910312652588e-01,-6.435242295265197754e-02,-5.524729564785957336e-02,-1.468754261732101440e-01,3.516484498977661133e-01,-2.096482366323471069e-01,3.675717115402221680e-01,-6.175301671028137207e-01,1.722853332757949829e-01,2.826064229011535645e-01,-9.730481356382369995e-02,4.164164960384368896e-01,3.237222433090209961e-01,-7.344586253166198730e-01,5.038326978683471680e-01,-7.659225165843963623e-02,-5.893250107765197754e-01,-1.290162056684494019e-01,-5.195005536079406738e-01
9.353383064270019531e+00,1.379240602254867554e-01,7.026506066322326660e-01,9.905365109443664551e-01,3.241934999823570251e-02,8.262615650892257690e-02,1.046871542930603027e-01,-1.608548313379287720e-01,-3.969440981745719910e-02,1.529977321624755859e-01,7.168227434158325195e-01,-6.964178085327148438e-01,-1.055640354752540588e-02,-6.560725569725036621e-01,-3.485583662986755371e-01,-2.578777074813842773e-01,1.613482832908630371e+00,-4.313875734806060791e-01,-1.050975173711776733e-01,-1.344299316406250000e-01,-1.026209071278572083e-01,3.463949859142303467e-01,-2.875863909721374512e-01,3.546331524848937988e-01,-5.827001333236694336e-01,5.660172179341316223e-02,2.669430375099182129e-01,-1.151534467935562134e-01,4.001514911651611328e-01,5.074220299720764160e-01,-7.849913239479064941e-01,4.127931296825408936e-01,-1.751314252614974976e-01,-5.046076178550720215e-01,-1.497471034526824951e-01,-5.519531965255737305e-01
9.441123962402343750e+00,1.440946310758590698e-01,7.103386521339416504e-01,9.900856614112854004e-01,3.741470398381352425e-03,9.079694747924804688e-02,1.071084365248680115e-01,3.578099235892295837e-02,3.522027283906936646e-02,1.321338862180709839e-01,5.107381343841552734e-01,-6.109939217567443848e-01,-4.696649685502052307e-02,-7.983673214912414551e-01,-3.278181850910186768e-01,-3.390786051750183105e-01,1.365428566932678223e+00,-4.714962840080261230e-01,-1.198507621884346008e-01,-2.093458622694015503e-01,-4.301518946886062622e-02,3.205904364585876465e-01,-3.072595894336700439e-01,3.494926691055297852e-01,-5.448582172393798828e-01,-3.568489477038383484e-02,2.440318465232849121e-01,-1.089048311114311218e-01,3.683445453643798828e-01,5.990558266639709473e-01,-8.249183297157287598e-01,3.916423320770263672e-01,-2.438918352127075195e-01,-4.707627296447753906e-01,-1.628981381654739380e-01,-5.208779573440551758e-01
9.540242195129394531e+00,1.504497975111007690e-01,7.209146618843078613e-01,9.896242022514343262e-01,-1.801657117903232574e-02,1.005579307675361633e-01,1.010319963097572327e-01,1.902351379394531250e-01,8.711419999599456787e-02,1.322188824415206909e-01,3.683615624904632568e-01,-3.792721629142761230e-01,-6.113160401582717896e-02,-8.277072906494140625e-01,-2.358982264995574951e-01,-3.875627815723419189e-01,9.686074852943420410e-01,-4.567425847053527832e-01,-5.222620815038681030e-02,-2.625238001346588135e-01,1.341876224614679813e-03,3.000521957874298096e-01,-2.883865833282470703e-01,3.599080145359039307e-01,-5.138521790504455566e-01,-9.244576096534729004e-02,2.315449714660644531e-01,-9.593321382999420166e-02,3.430910408496856689e-01,5.897991061210632324e-01,-8.358499407768249512e-01,4.201575517654418945e-01,-2.494392246007919312e-01,-4.726813137531280518e-01,-1.693266034126281738e-01,-4.796801507472991943e-01
9.640693664550781250e+00,1.567978262901306152e-01,7.310827374458312988e-01,9.911690950393676758e-01,-1.526093110442161560e-02,9.957412630319595337e-02,8.623180538415908813e-02,2.241988033056259155e-01,9.438253194093704224e-02,1.268316209316253662e-01,4.971583783626556396e-01,-1.250227391719818115e-01,-1.313791982829570770e-02,-7.595033049583435059e-01,-1.291411370038986206e-01,-3.297138214111328125e-01,6.034774780273437500e-01,-3.505964279174804688e-01,3.480353206396102905e-02,-2.816770672798156738e-01,-3.717649029567837715e-03,2.933817207813262939e-01,-2.639557421207427979e-01,3.894242048263549805e-01,-4.845290184020996094e-01,-1.133281812071800232e-01,2.283509224653244019e-01,-1.003713458776473999e-01,3.211681544780731201e-01,4.878587722778320312e-01,-8.055005669593811035e-01,4.771943390369415283e-01,-1.968943476676940918e-01,-4.773824810981750488e-01,-1.758070588111877441e-01,-4.557501971721649170e-01
9.735542297363281250e+00,1.608645915985107422e-01,7.357146143913269043e-01,9.934637546539306641e-01,-9.655299596488475800e-03,9.420529752969741821e-02,6.373351812362670898e-02,1.364136487245559692e-01,9.738992899656295776e-02,1.132684722542762756e-01,8.359727859497070312e-01,1.165082491934299469e-02,3.013391606509685516e-02,-6.999400854110717773e-01,-8.429975062608718872e-02,-2.907789349555969238e-01,5.808747410774230957e-01,-3.238622546195983887e-01,-3.260097699239850044e-03,-2.667903006076812744e-01,-9.624377824366092682e-03,3.008557856082916260e-01,-2.145398706197738647e-01,4.235287904739379883e-01,-4.760982394218444824e-01,-1.398253738880157471e-01,2.287239432334899902e-01,-1.149492189288139343e-01,3.102813065052032471e-01,3.171983957290649414e-01,-7.494134306907653809e-01,5.466456413269042969e-01,-1.191014871001243591e-01,-4.838603734970092773e-01,-1.831637620925903320e-01,-4.389880597591400146e-01
9.822236061096191406e+00,1.653585582971572876e-01,7.318109869956970215e-01,9.956812858581542969e-01,-2.011784538626670837e-02,8.332189917564392090e-02,3.565912321209907532e-02,3.514499170705676079e-03,1.197952479124069214e-01,1.086664572358131409e-01,1.195543527603149414e+00,-5.579882115125656128e-02,3.438768908381462097e-02,-6.156238913536071777e-01,-3.667064756155014038e-02,-2.762143313884735107e-01,7.195469141006469727e-01,-4.023271203041076660e-01,-4.299088567495346069e-02,-2.144108563661575317e-01,1.656932756304740906e-02,3.317910134792327881e-01,-1.395263373851776123e-01,4.490201175212860107e-01,-4.833228290081024170e-01,-1.777484416961669922e-01,2.339132428169250488e-01,-1.306760609149932861e-01,3.014398515224456787e-01,1.281142979860305786e-01,-6.993057131767272949e-01,5.993407368659973145e-01,-8.332178741693496704e-02,-4.868096411228179932e-01,-1.850604712963104248e-01,-4.158380627632141113e-01
9.908971786499023438e+00,1.695113331079483032e-01,7.235527038574218750e-01,9.960202574729919434e-01,-3.777856007218360901e-02,8.003311604261398315e-02,1.054115127772092819e-02,-2.108684331178665161e-01,1.999313533306121826e-01,1.222610846161842346e-01,1.510089159011840820e+00,-1.790034919977188110e-01,8.150666207075119019e-02,-5.034455060958862305e-01,3.336085751652717590e-02,-2.593949735164642334e-01,7.802000045776367188e-01,-5.023238658905029297e-01,-5.610844492912292480e-02,-1.324684619903564453e-01,6.306408345699310303e-02,3.556256592273712158e-01,-3.686346858739852905e-02,4.603096246719360352e-01,-4.792623221874237061e-01,-1.957026869058609009e-01,2.475670427083969116e-01,-1.574360579252243042e-01,2.971313595771789551e-01,-7.715641707181930542e-02,-6.606990098953247070e-01,6.374607682228088379e-01,-8.154457062482833862e-02,-4.863924980163574219e-01,-1.732200533151626587e-01,-4.190222322940826416e-01
9.998091697692871094e+00,1.731935739517211914e-01,7.169329524040222168e-01,9.958463311195373535e-01,-4.623946174979209900e-02,7.764560729265213013e-02,-1.109887287020683289e-02,-4.731489121913909912e-01,2.784807085990905762e-01,1.387254744768142700e-01,1.680852413177490234e+00,-2.858102321624755859e-01,1.465280055999755859e-01,-3.455042839050292969e-01,7.479118555784225464e-02,-2.292032837867736816e-01,7.693052887916564941e-01,-6.118947863578796387e-01,-3.376803919672966003e-02,-3.812288120388984680e-02,9.212912619113922119e-02,3.668649792671203613e-01,9.786079823970794678e-02,4.530526995658874512e-01,-4.469268321990966797e-01,-1.977693736553192139e-01,2.675340473651885986e-01,-1.527914851903915405e-01,2.937254309654235840e-01,-3.018338382244110107e-01,-6.242117881774902344e-01,6.625596284866333008e-01,-9.595751017332077026e-02,-5.054286122322082520e-01,-1.660565882921218872e-01,-4.442486166954040527e-01
1.009712696075439453e+01,1.780136227607727051e-01,7.124863266944885254e-01,9.963694810867309570e-01,-2.797215618193149567e-02,7.622101157903671265e-02,-2.560899965465068817e-02,-7.063617110252380371e-01,2.755032181739807129e-01,1.773694306612014771e-01,1.630711317062377930e+00,-3.535624444484710693e-01,1.828573942184448242e-01,-1.474864035844802856e-01,3.938907757401466370e-02,-1.807583421468734741e-01,6.840592026710510254e-01,-6.805461645126342773e-01,1.657837443053722382e-02,5.148332193493843079e-02,6.377416849136352539e-02,3.503760099411010742e-01,2.483564913272857666e-01,4.470677375793457031e-01,-4.066782891750335693e-01,-1.937362849712371826e-01,2.597790956497192383e-01,-1.340227872133255005e-01,2.762280404567718506e-01,-4.845413267612457275e-01,-5.875726342201232910e-01,6.827630400657653809e-01,-1.346141099929809570e-01,-5.446894764900207520e-01,-1.508018076419830322e-01,-4.624975323677062988e-01
1.020333766937255859e+01,1.830058693885803223e-01,7.120042443275451660e-01,9.963622093200683594e-01,2.308640163391828537e-03,7.779715955257415771e-02,-3.470772132277488708e-02,-8.437553644180297852e-01,2.470682710409164429e-01,2.586483061313629150e-01,1.389368653297424316e+00,-3.949806690216064453e-01,2.034253776073455811e-01,6.904868781566619873e-02,-3.467385843396186829e-02,-1.307083517313003540e-01,5.333601832389831543e-01,-6.365171670913696289e-01,5.744365230202674866e-02,1.291064321994781494e-01,6.460146512836217880e-03,3.166829347610473633e-01,3.840151429176330566e-01,4.481493532657623291e-01,-3.721938431262969971e-01,-1.939469277858734131e-01,2.252925485372543335e-01,-1.280436366796493530e-01,2.476199865341186523e-01,-5.946943759918212891e-01,-5.626493096351623535e-01,7.169773578643798828e-01,-1.807845383882522583e-01,-5.907185673713684082e-01,-1.308119595050811768e-01,-4.711967706680297852e-01
1.031477069854736328e+01,1.872860193252563477e-01,7.151235342025756836e-01,9.956714510917663574e-01,1.937151513993740082e-02,8.275692909955978394e-02,-3.760908171534538269e-02,-8.842446208000183105e-01,1.799523979425430298e-01,2.946615219116210938e-01,9.846827387809753418e-01,-3.550806939601898193e-01,1.517950147390365601e-01,2.516969144344329834e-01,-7.808025181293487549e-02,-1.057386547327041626e-01,3.996959924697875977e-01,-4.154047667980194092e-01,7.339954376220703125e-02,1.869037598371505737e-01,-2.981534972786903381e-02,2.723185122013092041e-01,4.741902351379394531e-01,4.596520662307739258e-01,-3.535348474979400635e-01,-1.804758608341217041e-01,1.927804499864578247e-01,-1.435151547193527222e-01,2.089810669422149658e-01,-6.379099488258361816e-01,-5.492195487022399902e-01,7.712733745574951172e-01,-2.143618911504745483e-01,-6.532939076423645020e-01,-1.071707159280776978e-01,-4.794545769691467285e-01
1.043162822723388672e+01,1.912236511707305908e-01,7.193748354911804199e-01,9.966571331024169922e-01,1.353719178587198257e-02,7.388563454151153564e-02,-3.212764114141464233e-02,-8.062947392463684082e-01,8.214003592729568481e-02,2.272725999355316162e-01,5.242313146591186523e-01,-2.504644989967346191e-01,3.735939413309097290e-02,3.828671276569366455e-01,-8.692180365324020386e-02,-1.306599527597427368e-01,4.023970663547515869e-01,-5.074952170252799988e-02,3.173982724547386169e-02,2.264566570520401001e-01,-2.745466493070125580e-02,2.478532493114471436e-01,4.940720200538635254e-01,4.891183078289031982e-01,-3.594877123832702637e-01,-1.348104923963546753e-01,1.582195609807968140e-01,-1.459051072597503662e-01,1.667172014713287354e-01,-6.006060838699340820e-01,-5.451638102531433105e-01,8.201424479484558105e-01,-2.363548725843429565e-01,-7.237540483474731445e-01,-1.018982157111167908e-01,-4.780768454074859619e-01
1.054642581939697266e+01,1.955921351909637451e-01,7.221589088439941406e-01,9.981064796447753906e-01,8.598476648330688477e-03,5.979690700769424438e-02,-1.156852208077907562e-02,-6.961600780487060547e-01,2.529951184988021851e-02,1.817990839481353760e-01,3.442424237728118896e-01,-2.216866165399551392e-01,3.299136832356452942e-02,3.865379989147186279e-01,-8.879740536212921143e-02,-1.458454579114913940e-01,6.298345327377319336e-01,1.725922375917434692e-01,-1.510674040764570236e-02,2.161966115236282349e-01,-3.573863580822944641e-02,2.573301792144775391e-01,4.349492788314819336e-01,5.180558562278747559e-01,-3.942522704601287842e-01,-4.462868720293045044e-02,1.300558894872665405e-01,-1.369371116161346436e-01,1.557354032993316650e-01,-5.210906863212585449e-01,-5.584231019020080566e-01,8.645956516265869141e-01,-2.407312244176864624e-01,-7.729886770248413086e-01,-1.021726131439208984e-01,-4.533207714557647705e-01
1.065441322326660156e+01,1.999443769454956055e-01,7.228199243545532227e-01,9.978551864624023438e-01,1.976976543664932251e-02,5.811194330453872681e-02,2.274249494075775146e-02,-6.874915361404418945e-01,-1.680178195238113403e-02,1.687999963760375977e-01,5.522413849830627441e-01,-1.999560743570327759e-01,9.199494868516921997e-02,2.499240785837173462e-01,-1.022667884826660156e-01,-1.838856935501098633e-01,9.803040623664855957e-01,1.135884746909141541e-01,-8.831174112856388092e-03,1.612482070922851562e-01,-7.998233288526535034e-02,2.737295925617218018e-01,2.875500023365020752e-01,5.342541337013244629e-01,-4.547578096389770508e-01,7.381028681993484497e-02,1.444397866725921631e-01,-1.402151435613632202e-01,1.917950510978698730e-01,-4.372581243515014648e-01,-5.894743204116821289e-01,8.863880038261413574e-01,-2.335320860147476196e-01,-8.228603005409240723e-01,-1.021351143717765808e-01,-4.220070242881774902e-01
1.074839687347412109e+01,2.030015587806701660e-01,7.159925699234008789e-01,9.963628053665161133e-01,3.895500674843788147e-02,5.362435802817344666e-02,5.355421081185340881e-02,-6.313864588737487793e-01,-7.881730049848556519e-02,1.501530557870864868e-01,7.580132484436035156e-01,-2.863506078720092773e-01,6.688801199197769165e-02,4.373082891106605530e-02,-2.163656651973724365e-01,-2.582803070545196533e-01,1.341161370277404785e+00,-5.565346404910087585e-02,-5.359966307878494263e-02,8.624255657196044922e-02,-1.348159462213516235e-01,3.122295737266540527e-01,1.092079877853393555e-01,5.282958149909973145e-01,-5.350674390792846680e-01,1.456230282783508301e-01,1.742560714483261108e-01,-1.499387770891189575e-01,2.523905634880065918e-01,-3.218852877616882324e-01,-6.247751712799072266e-01,8.461549282073974609e-01,-1.869230568408966064e-01,-8.745841979980468750e-01,-1.236613392829895020e-01,-4.241435229778289795e-01
1.083936500549316406e+01,2.057085037231445312e-01,7.120705842971801758e-01,9.931302666664123535e-01,6.737877428531646729e-02,5.373764410614967346e-02,7.914959639310836792e-02,-4.895622730255126953e-01,-1.723688840866088867e-01,1.302487999200820923e-01,7.994722127914428711e-01,-4.404881298542022705e-01,5.217060074210166931e-02,-2.354662120342254639e-01,-3.863042294979095459e-01,-2.536667287349700928e-01,1.614061117172241211e+00,-2.641358375549316406e-01,-1.389163434505462646e-01,3.869537322316318750e-04,-1.957242339849472046e-01,3.421736061573028564e-01,-5.183233320713043213e-02,5.098742842674255371e-01,-5.812658667564392090e-01,1.470712423324584961e-01,2.195397317409515381e-01,-1.686943024396896362e-01,3.159141838550567627e-01,-1.692985892295837402e-01,-6.438606381416320801e-01,7.436349391937255859e-01,-1.276779919862747192e-01,-8.904415965080261230e-01,-1.298316121101379395e-01,-4.636250138282775879e-01
1.093713378906250000e+01,2.084573954343795776e-01,7.126932740211486816e-01,9.926403760910034180e-01,5.523953586816787720e-02,5.493306741118431091e-02,9.271484613418579102e-02,-3.001434504985809326e-01,-1.544658392667770386e-01,7.249929755926132202e-02,7.681959867477416992e-01,-5.901494622230529785e-01,1.527859363704919815e-02,-5.308654308319091797e-01,-4.300033152103424072e-01,-2.412592172622680664e-01,1.656744003295898438e+00,-3.833622932434082031e-01,-2.360591143369674683e-01,-7.993379235267639160e-02,-1.694233119487762451e-01,3.509693443775177002e-01,-1.691062152385711670e-01,4.902498424053192139e-01,-5.913119912147521973e-01,9.575225412845611572e-02,2.663097381591796875e-01,-1.840411722660064697e-01,3.552257418632507324e-01,4.802268464118242264e-03,-6.606957316398620605e-01,6.070821881294250488e-01,-1.403933614492416382e-01,-7.995424866676330566e-01,-1.452348381280899048e-01,-5.063858628273010254e-01
1.104524612426757812e+01,2.118201553821563721e-01,7.171508073806762695e-01,9.920319914817810059e-01,2.631022781133651733e-02,6.535034626722335815e-02,1.044486612081527710e-01,-9.867613017559051514e-02,-7.356943190097808838e-02,1.472128275781869888e-02,6.378780603408813477e-01,-6.220280528068542480e-01,-6.295355502516031265e-03,-7.681790590286254883e-01,-3.753232955932617188e-01,-2.562742233276367188e-01,1.454928636550903320e+00,-4.218564033508300781e-01,-2.570800781250000000e-01,-1.766024529933929443e-01,-1.073556244373321533e-01,3.229744136333465576e-01,-2.105697691440582275e-01,4.832728803157806396e-01,-5.824505686759948730e-01,1.564215868711471558e-02,2.875460684299468994e-01,-1.817328929901123047e-01,3.679167628288269043e-01,1.568808704614639282e-01,-6.939217448234558105e-01,5.144295096397399902e-01,-2.081893682479858398e-01,-7.066313624382019043e-01,-1.608796119689941406e-01,-4.902692735195159912e-01
1.116848945617675781e+01,2.168218195438385010e-01,7.241876125335693359e-01,9.909299015998840332e-01,1.346116187050938606e-03,7.684482634067535400e-02,1.102312505245208740e-01,9.625522792339324951e-02,1.111831050366163254e-02,-1.149708498269319534e-02,4.902451932430267334e-01,-4.680806696414947510e-01,-1.146644912660121918e-02,-8.627495765686035156e-01,-3.011783659458160400e-01,-2.992490828037261963e-01,1.055963993072509766e+00,-4.238174855709075928e-01,-2.033350318670272827e-01,-2.584693729877471924e-01,-4.707578197121620178e-02,2.807676792144775391e-01,-1.818735599517822266e-01,4.807340204715728760e-01,-5.817409157752990723e-01,-7.096679508686065674e-02,3.059366941452026367e-01,-1.630924195051193237e-01,3.662435412406921387e-01,2.741744518280029297e-01,-7.430795431137084961e-01,4.699091613292694092e-01,-2.492626905441284180e-01,-6.705453991889953613e-01,-1.639438867568969727e-01,-4.478598833084106445e-01
1.129791164398193359e+01,2.237426191568374634e-01,7.304872870445251465e-01,9.911825060844421387e-01,5.795413628220558167e-03,7.191698998212814331e-02,1.111376360058784485e-01,2.424549609422683716e-01,2.471445314586162567e-02,-2.368015982210636139e-02,4.817892611026763916e-01,-1.527418792247772217e-01,5.435307975858449936e-03,-8.020750284194946289e-01,-2.330500632524490356e-01,-2.772703766822814941e-01,5.677652955055236816e-01,-3.216169178485870361e-01,-4.876836761832237244e-02,-3.089503645896911621e-01,-4.589428007602691650e-02,2.491485476493835449e-01,-1.264203786849975586e-01,4.821284711360931396e-01,-5.731845498085021973e-01,-1.256846487522125244e-01,3.248808085918426514e-01,-1.709676086902618408e-01,3.446501791477203369e-01,3.472354114055633545e-01,-7.753577828407287598e-01,4.597256183624267578e-01,-2.280977368354797363e-01,-6.736574172973632812e-01,-1.615457832813262939e-01,-4.165396094322204590e-01
1.142797851562500000e+01,2.290279269218444824e-01,7.366442084312438965e-01,9.923943877220153809e-01,2.277805283665657043e-02,5.863387882709503174e-02,1.058140248060226440e-01,2.580927312374114990e-01,-7.395604625344276428e-03,-5.382927134633064270e-02,6.846776604652404785e-01,1.718750894069671631e-01,1.297371927648782730e-02,-7.072762250900268555e-01,-2.100408375263214111e-01,-2.412073463201522827e-01,3.105885684490203857e-01,-2.279418706893920898e-01,2.137856930494308472e-02,-3.229722976684570312e-01,-6.649832427501678467e-02,2.310346961021423340e-01,-6.054086983203887939e-02,4.792253375053405762e-01,-5.608847737312316895e-01,-1.621911376714706421e-01,3.489157855510711670e-01,-1.764342784881591797e-01,3.282040953636169434e-01,3.168162703514099121e-01,-7.729381322860717773e-01,4.816377758979797363e-01,-1.432485133409500122e-01,-7.098048925399780273e-01,-1.522953510284423828e-01,-4.052578806877136230e-01
1.154644393920898438e+01,2.309354990720748901e-01,7.355891466140747070e-01,9.943835735321044922e-01,1.357163861393928528e-02,5.367336794734001160e-02,9.020116180181503296e-02,1.604433059692382812e-01,-3.371899574995040894e-02,-7.369293272495269775e-02,1.024058818817138672e+00,1.695790290832519531e-01,-1.738815382122993469e-02,-6.524527668952941895e-01,-1.665819436311721802e-01,-2.529259920120239258e-01,3.965508341789245605e-01,-2.336352616548538208e-01,-1.002648659050464630e-02,-2.729157805442810059e-01,-3.202289715409278870e-02,2.303425520658493042e-01,-4.655698779970407486e-03,4.735825061798095703e-01,-5.613941550254821777e-01,-2.020539641380310059e-01,3.625221550464630127e-01,-1.702168732881546021e-01,3.127074837684631348e-01,2.216300964355468750e-01,-7.387843132019042969e-01,5.102794170379638672e-01,-4.836978018283843994e-02,-7.397940754890441895e-01,-1.441159546375274658e-01,-4.194020032882690430e-01
1.165679836273193359e+01,2.307642251253128052e-01,7.283611893653869629e-01,9.960257411003112793e-01,-1.250985637307167053e-02,4.691386595368385315e-02,7.466872036457061768e-02,-2.113720402121543884e-03,2.971231378614902496e-02,-3.984644636511802673e-02,1.340334773063659668e+00,2.255664207041263580e-02,-3.819136181846261024e-03,-6.210891604423522949e-01,-1.091290637850761414e-01,-2.619836926460266113e-01,6.668342947959899902e-01,-2.609314322471618652e-01,-5.700350180268287659e-02,-1.936856955289840698e-01,3.525132685899734497e-02,2.503324449062347412e-01,6.002475321292877197e-02,4.599500894546508789e-01,-5.606213212013244629e-01,-2.338094264268875122e-01,3.676110506057739258e-01,-1.854306012392044067e-01,2.980522513389587402e-01,1.128783673048019409e-01,-7.047742009162902832e-01,5.363747477531433105e-01,-4.600288346409797668e-03,-7.264685630798339844e-01,-1.379169672727584839e-01,-4.534076452255249023e-01
1.176757049560546875e+01,2.308613657951354980e-01,7.241092920303344727e-01,9.962782859802246094e-01,-5.677872151136398315e-02,2.975383587181568146e-02,5.762304365634918213e-02,-2.195265144109725952e-01,1.545763462781906128e-01,-3.503995388746261597e-02,1.572288513183593750e+00,-1.514763385057449341e-01,5.370716378092765808e-02,-4.553189277648925781e-01,2.492404356598854065e-02,-2.938932180404663086e-01,7.547969818115234375e-01,-4.234866499900817871e-01,-8.208398520946502686e-02,-8.347405493259429932e-02,1.363774240016937256e-01,2.836187779903411865e-01,1.538591831922531128e-01,4.369046688079833984e-01,-5.271568298339843750e-01,-2.397975474596023560e-01,3.769461512565612793e-01,-1.886915713548660278e-01,2.994525134563446045e-01,-6.544860079884529114e-03,-6.748141050338745117e-01,5.679561495780944824e-01,-1.142306998372077942e-02,-6.832492947578430176e-01,-1.258044987916946411e-01,-4.775844812393188477e-01
1.187808418273925781e+01,2.304889261722564697e-01,7.260144948959350586e-01,9.964062571525573730e-01,-5.839253589510917664e-02,1.233750861138105392e-02,6.010563299059867859e-02,-4.467839002609252930e-01,1.868645548820495605e-01,4.330208525061607361e-03,1.603312849998474121e+00,-2.635312080383300781e-01,1.193442419171333313e-01,-1.924444437026977539e-01,6.599011272192001343e-02,-2.942362129688262939e-01,6.926373839378356934e-01,-5.539907813072204590e-01,-3.529892861843109131e-02,1.584156788885593414e-02,1.393840163946151733e-01,2.906334996223449707e-01,2.438192665576934814e-01,4.281612932682037354e-01,-4.959631562232971191e-01,-2.012448012828826904e-01,3.608641326427459717e-01,-1.827468276023864746e-01,2.974484860897064209e-01,-1.243335977196693420e-01,-6.210823655128479004e-01,6.071308255195617676e-01,-2.012410201132297516e-02,-6.726825237274169922e-01,-1.019462049007415771e-01,-4.902576506137847900e-01
1.199799823760986328e+01,2.320024520158767700e-01,7.274035215377807617e-01,9.975229501724243164e-01,-1.990633644163608551e-02,8.138321340084075928e-03,6.697374582290649414e-02,-6.062929630279541016e-01,1.389323472976684570e-01,1.383031457662582397e-01,1.412556290626525879e+00,-3.152567148208618164e-01,1.765655130147933960e-01,4.618771001696586609e-02,6.200124043971300125e-03,-2.621814608573913574e-01,6.309464573860168457e-01,-6.031391620635986328e-01,-6.560787558555603027e-03,1.001403033733367920e-01,5.463338270783424377e-02,2.671563923358917236e-01,3.288705945014953613e-01,4.461051225662231445e-01,-4.745957851409912109e-01,-1.690780818462371826e-01,3.365008234977722168e-01,-1.763691902160644531e-01,2.803403139114379883e-01,-2.093557417392730713e-01,-5.640173554420471191e-01,6.623727679252624512e-01,-4.871177673339843750e-02,-7.174256443977355957e-01,-6.922256201505661011e-02,-4.757726490497589111e-01
1.212289047241210938e+01,2.360914051532745361e-01,7.310771346092224121e-01,9.975052475929260254e-01,5.534405820071697235e-03,9.947820566594600677e-03,6.966882944107055664e-02,-6.751069426536560059e-01,6.091216206550598145e-02,2.387301027774810791e-01,1.014468669891357422e+00,-3.022255599498748779e-01,1.438034325838088989e-01,2.256092578172683716e-01,-2.016681805253028870e-02,-2.085483223199844360e-01,6.034686565399169922e-01,-4.417054951190948486e-01,3.725239657796919346e-04,1.716689616441726685e-01,-5.560223944485187531e-03,2.314809262752532959e-01,3.952312171459197998e-01,4.705240428447723389e-01,-4.452008008956909180e-01,-1.675702333450317383e-01,3.150619268417358398e-01,-1.917782574892044067e-01,2.509534060955047607e-01,-2.775048911571502686e-01,-5.349789857864379883e-01,7.345490455627441406e-01,-7.767347246408462524e-02,-7.651007771492004395e-01,-4.122646898031234741e-02,-4.521364569664001465e-01
1.225856781005859375e+01,2.397253364324569702e-01,7.350113987922668457e-01,9.970706105232238770e-01,-7.403583731502294540e-04,-2.837520325556397438e-03,7.643101364374160767e-02,-6.090869307518005371e-01,-5.257676169276237488e-02,1.658307015895843506e-01,4.831309914588928223e-01,-1.975649595260620117e-01,7.810023613274097443e-03,3.572195172309875488e-01,1.822771690785884857e-02,-1.847557872533798218e-01,6.242932081222534180e-01,-1.135979518294334412e-01,-1.203218195587396622e-02,2.197837382555007935e-01,-2.962771803140640259e-03,2.078935503959655762e-01,4.319258630275726318e-01,4.926019012928009033e-01,-4.278068244457244873e-01,-1.728371679782867432e-01,2.991077005863189697e-01,-2.003812789916992188e-01,2.228145152330398560e-01,-2.807778716087341309e-01,-5.198702216148376465e-01,7.817704081535339355e-01,-1.120008826255798340e-01,-7.930132150650024414e-01,-3.436975926160812378e-02,-4.247356653213500977e-01
1.238646125793457031e+01,2.421919554471969604e-01,7.347664833068847656e-01,9.959102869033813477e-01,-2.960027009248733521e-02,-2.504115551710128784e-02,8.160571753978729248e-02,-4.837245345115661621e-01,-6.657961755990982056e-02,1.355711184442043304e-02,1.303299367427825928e-01,-1.301141083240509033e-01,-1.111810728907585144e-01,4.295105040073394775e-01,8.691543340682983398e-02,-1.750564873218536377e-01,7.107578516006469727e-01,1.022830978035926819e-01,1.037255674600601196e-02,2.276565730571746826e-01,4.016318172216415405e-02,2.069134712219238281e-01,4.448901116847991943e-01,4.945499300956726074e-01,-4.154877662658691406e-01,-1.762247532606124878e-01,2.881799340248107910e-01,-1.862821429967880249e-01,1.824754476547241211e-01,-2.257681339979171753e-01,-5.082275867462158203e-01,7.883130908012390137e-01,-1.664591431617736816e-01,-7.703346610069274902e-01,-7.103227078914642334e-02,-3.721798956394195557e-01
1.250331974029541016e+01,2.465953379869461060e-01,7.337707877159118652e-01,9.948574304580688477e-01,-2.016854844987392426e-02,-2.726694382727146149e-02,9.543841332197189331e-02,-4.508518576622009277e-01,-9.763960540294647217e-02,6.082616280764341354e-03,2.463785558938980103e-01,-9.727232158184051514e-02,-2.564712986350059509e-02,3.198271393775939941e-01,-4.628326278179883957e-03,-2.659413516521453857e-01,9.961230158805847168e-01,-3.679577633738517761e-02,-1.942558214068412781e-02,1.835088133811950684e-01,4.037967883050441742e-03,2.089184969663619995e-01,4.084364175796508789e-01,4.606356620788574219e-01,-4.031122028827667236e-01,-1.596580743789672852e-01,2.793334722518920898e-01,-1.682962924242019653e-01,1.683222949504852295e-01,-1.565080434083938599e-01,-5.028386116027832031e-01,7.914223074913024902e-01,-2.119918465614318848e-01,-7.384050488471984863e-01,-7.818366587162017822e-02,-3.544256091117858887e-01
1.261297702789306641e+01,2.542314827442169189e-01,7.243939638137817383e-01,9.945601820945739746e-01,-1.493452116847038269e-03,-2.663922868669033051e-02,1.006885319948196411e-01,-5.102840065956115723e-01,-1.420699805021286011e-01,1.605009287595748901e-02,6.555345654487609863e-01,-1.255368292331695557e-01,7.065165042877197266e-02,1.603695750236511230e-01,-2.460175752639770508e-01,-4.029143750667572021e-01,1.317103981971740723e+00,-2.517066597938537598e-01,-1.480381488800048828e-01,1.294916272163391113e-01,-4.753765836358070374e-02,2.173990011215209961e-01,3.360615968704223633e-01,4.141667783260345459e-01,-4.174207150936126709e-01,-1.422567367553710938e-01,2.908896803855895996e-01,-1.622252017259597778e-01,1.977184712886810303e-01,-1.034603863954544067e-01,-4.893172979354858398e-01,7.648237943649291992e-01,-2.115911692380905151e-01,-7.045635581016540527e-01,-1.128373965620994568e-01,-3.451927602291107178e-01
1.273156356811523438e+01,2.619403004646301270e-01,7.174872756004333496e-01,9.926259517669677734e-01,3.594749793410301208e-02,-3.413245454430580139e-02,1.106185317039489746e-01,-3.903153240680694580e-01,-2.172473073005676270e-01,3.276056051254272461e-02,8.206226229667663574e-01,-3.473314642906188965e-01,1.134927868843078613e-01,-7.336726784706115723e-02,-4.618373811244964600e-01,-3.820508420467376709e-01,1.510260820388793945e+00,-4.143454432487487793e-01,-2.121818214654922485e-01,4.824096709489822388e-02,-1.254330128431320190e-01,2.414084225893020630e-01,2.227035313844680786e-01,3.967032432556152344e-01,-4.627520143985748291e-01,-1.054875627160072327e-01,3.011164367198944092e-01,-1.468096822500228882e-01,2.425395101308822632e-01,-1.483422704041004181e-02,-4.751486480236053467e-01,6.907126307487487793e-01,-1.929688900709152222e-01,-6.547920107841491699e-01,-1.228870972990989685e-01,-3.462146222591400146e-01
1.284156608581542969e+01,2.658666372299194336e-01,7.182478308677673340e-01,9.929705262184143066e-01,2.688500657677650452e-02,-4.611115157604217529e-02,1.056431531906127930e-01,-1.808058023452758789e-01,-1.727023273706436157e-01,9.512593038380146027e-03,8.505404591560363770e-01,-5.429490804672241211e-01,1.024261564016342163e-01,-3.163915574550628662e-01,-4.328826665878295898e-01,-3.262655735015869141e-01,1.436695814132690430e+00,-4.666033983230590820e-01,-2.466226220130920410e-01,-2.756121009588241577e-02,-1.085834354162216187e-01,2.454337924718856812e-01,1.365169137716293335e-01,3.920212686061859131e-01,-5.001976490020751953e-01,-7.417251169681549072e-02,3.346863389015197754e-01,-1.292548775672912598e-01,2.534484565258026123e-01,8.065870404243469238e-02,-4.769001901149749756e-01,6.294168233871459961e-01,-2.040704637765884399e-01,-5.954214930534362793e-01,-1.179058328270912170e-01,-3.451921641826629639e-01
1.296025848388671875e+01,2.692179381847381592e-01,7.226634025573730469e-01,9.942699074745178223e-01,2.621670952066779137e-03,-4.222606867551803589e-02,9.817079454660415649e-02,1.733164303004741669e-02,-8.779297024011611938e-02,-9.143501520156860352e-03,7.953337430953979492e-01,-5.990705490112304688e-01,1.009434685111045837e-01,-4.847690165042877197e-01,-3.272153735160827637e-01,-3.532094359397888184e-01,1.161050081253051758e+00,-4.624044597148895264e-01,-2.300127297639846802e-01,-1.111430823802947998e-01,-6.617628037929534912e-02,2.152574658393859863e-01,1.195962429046630859e-01,3.904170989990234375e-01,-5.143590569496154785e-01,-8.805034309625625610e-02,3.374650478363037109e-01,-1.212141811847686768e-01,2.392485588788986206e-01,1.560841351747512817e-01,-5.036858320236206055e-01,5.988459587097167969e-01,-2.425761371850967407e-01,-5.451338291168212891e-01,-1.084480434656143188e-01,-3.259464800357818604e-01
1.308464908599853516e+01,2.742376029491424561e-01,7.267447710037231445e-01,9.950830936431884766e-01,-7.963466458022594452e-03,-3.770814463496208191e-02,9.123774617910385132e-02,2.117320597171783447e-01,-3.660704195499420166e-02,-8.887854404747486115e-03,7.224601507186889648e-01,-4.541293978691101074e-01,9.370107203722000122e-02,-5.098994970321655273e-01,-1.960677355527877808e-01,-3.747482299804687500e-01,6.665638089179992676e-01,-4.090164899826049805e-01,-1.107614561915397644e-01,-1.827764511108398438e-01,-4.209879785776138306e-02,1.850355863571166992e-01,1.402170807123184204e-01,3.881571590900421143e-01,-5.367080569267272949e-01,-1.233951821923255920e-01,3.209343254566192627e-01,-1.175571903586387634e-01,2.290248870849609375e-01,2.388249933719635010e-01,-5.537290573120117188e-01,5.739130973815917969e-01,-2.907895147800445557e-01,-5.176604986190795898e-01,-1.190814077854156494e-01,-2.945153713226318359e-01
1.321196651458740234e+01,2.822901904582977295e-01,7.293099164962768555e-01,9.941059350967407227e-01,2.637429162859916687e-02,-4.487428441643714905e-02,9.510067850351333618e-02,3.577170670032501221e-01,-9.431894123554229736e-02,-2.685668878257274628e-02,6.969743371009826660e-01,-1.431649029254913330e-01,7.093922793865203857e-02,-4.133100211620330811e-01,-1.582117974758148193e-01,-3.330385684967041016e-01,1.204285621643066406e-01,-2.059908360242843628e-01,1.054771617054939270e-01,-2.445424050092697144e-01,-1.059363707900047302e-01,1.454244405031204224e-01,1.526515483856201172e-01,3.928689360618591309e-01,-5.537592172622680664e-01,-1.584809422492980957e-01,3.216670155525207520e-01,-1.240595206618309021e-01,2.112077474594116211e-01,3.296266496181488037e-01,-5.910334587097167969e-01,5.544577240943908691e-01,-3.309548497200012207e-01,-5.270782709121704102e-01,-1.136332899332046509e-01,-2.407088279724121094e-01
1.333516883850097656e+01,2.890745997428894043e-01,7.321555614471435547e-01,9.928273558616638184e-01,4.563137143850326538e-02,-4.797850176692008972e-02,9.954757988452911377e-02,3.554790914058685303e-01,-1.295010000467300415e-01,-6.246461719274520874e-02,8.649666309356689453e-01,9.206874668598175049e-02,-2.615335397422313690e-03,-4.322348237037658691e-01,-1.778852939605712891e-01,-2.671495079994201660e-01,1.215438097715377808e-01,-2.409196496009826660e-01,1.219672262668609619e-01,-2.768349051475524902e-01,-1.280534267425537109e-01,1.258563250303268433e-01,1.650488674640655518e-01,3.964702188968658447e-01,-5.688654184341430664e-01,-1.961815953254699707e-01,3.366296291351318359e-01,-1.152954921126365662e-01,1.966085880994796753e-01,3.637512624263763428e-01,-5.947317481040954590e-01,5.076074004173278809e-01,-3.482460677623748779e-01,-5.591548681259155273e-01,-1.066730767488479614e-01,-2.114044278860092163e-01
1.344652271270751953e+01,2.940603494644165039e-01,7.278696298599243164e-01,9.939358830451965332e-01,3.363432362675666809e-02,-4.414518550038337708e-02,9.492825716733932495e-02,2.292832285165786743e-01,-1.261219978332519531e-01,-7.790506631135940552e-02,1.156124949455261230e+00,3.797549381852149963e-02,-4.482341557741165161e-02,-3.902162313461303711e-01,-1.300412416458129883e-01,-2.986084818840026855e-01,1.685511022806167603e-01,-1.857123821973800659e-01,1.390639841556549072e-01,-2.406219542026519775e-01,-8.974638581275939941e-02,1.302276551723480225e-01,1.617890149354934692e-01,4.053218662738800049e-01,-5.836565494537353516e-01,-2.427743673324584961e-01,3.662555217742919922e-01,-1.113229915499687195e-01,1.812034100294113159e-01,3.556164801120758057e-01,-5.589645504951477051e-01,4.954679310321807861e-01,-3.578822910785675049e-01,-6.069602966308593750e-01,-1.009896025061607361e-01,-2.429610192775726318e-01
1.355084133148193359e+01,2.965807020664215088e-01,7.198404073715209961e-01,9.956891536712646484e-01,-1.233043894171714783e-02,-3.490678220987319946e-02,8.504502475261688232e-02,2.949436381459236145e-02,3.564622253179550171e-02,-4.564592987298965454e-02,1.421566605567932129e+00,-1.586179286241531372e-01,-9.017564356327056885e-03,-5.292069315910339355e-01,-5.821947008371353149e-02,-2.922001779079437256e-01,6.323513388633728027e-01,-1.052960753440856934e-01,-1.078712418675422668e-01,-1.743172854185104370e-01,1.332776248455047607e-02,1.505586951971054077e-01,1.645719856023788452e-01,4.131497442722320557e-01,-5.764554142951965332e-01,-2.760885953903198242e-01,3.935627341270446777e-01,-1.229962110519409180e-01,1.592910140752792358e-01,3.025591671466827393e-01,-5.317032933235168457e-01,4.875504374504089355e-01,-3.636544346809387207e-01,-6.229936480522155762e-01,-1.034001335501670837e-01,-2.726939320564270020e-01
1.365639209747314453e+01,2.991234362125396729e-01,7.211870551109313965e-01,9.943136572837829590e-01,-3.605220839381217957e-02,-6.164488568902015686e-02,7.899660617113113403e-02,-1.404173821210861206e-01,1.817175894975662231e-01,-7.856866344809532166e-03,1.541272044181823730e+00,-2.987236976623535156e-01,1.072646528482437134e-01,-3.747828602790832520e-01,8.351676166057586670e-03,-3.112650513648986816e-01,7.999415993690490723e-01,-3.152740001678466797e-01,-1.072010844945907593e-01,-9.949664771556854248e-02,6.699450314044952393e-02,2.135843336582183838e-01,2.360233813524246216e-01,4.000859856605529785e-01,-5.135735869407653809e-01,-2.681595981121063232e-01,3.833297193050384521e-01,-1.228520795702934265e-01,1.796766519546508789e-01,2.059370279312133789e-01,-5.253180861473083496e-01,5.233700275421142578e-01,-3.422027230262756348e-01,-6.472166776657104492e-01,-7.892787456512451172e-02,-3.053500354290008545e-01
1.376528835296630859e+01,3.009694218635559082e-01,7.278280258178710938e-01,9.931468367576599121e-01,-2.558898739516735077e-02,-7.709860056638717651e-02,8.402653783559799194e-02,-2.990083694458007812e-01,1.996531039476394653e-01,3.958269208669662476e-02,1.465607047080993652e+00,-3.633657991886138916e-01,1.801049709320068359e-01,-1.617886573076248169e-01,1.096916943788528442e-02,-3.138094246387481689e-01,8.402577638626098633e-01,-4.959169626235961914e-01,-9.122634679079055786e-02,-3.083286620676517487e-02,4.787983372807502747e-02,2.238117158412933350e-01,3.160642385482788086e-01,3.948251008987426758e-01,-4.576239883899688721e-01,-2.298201769590377808e-01,3.322795629501342773e-01,-1.176036670804023743e-01,2.024896144866943359e-01,1.045985445380210876e-01,-5.069703459739685059e-01,5.696665048599243164e-01,-3.173862397670745850e-01,-6.958232522010803223e-01,-3.451738506555557251e-02,-3.203047513961791992e-01
1.388290119171142578e+01,3.063859641551971436e-01,7.364740967750549316e-01,9.929134249687194824e-01,-5.704265553504228592e-03,-8.138238638639450073e-02,8.641351759433746338e-02,-3.952026367187500000e-01,1.498674005270004272e-01,1.194634437561035156e-01,1.208054900169372559e+00,-3.728187978267669678e-01,1.847614198923110962e-01,2.736101113259792328e-02,-1.630616933107376099e-02,-3.075298964977264404e-01,8.575762510299682617e-01,-5.252630114555358887e-01,-8.584258705377578735e-02,3.504926711320877075e-02,1.079411245882511139e-02,2.043048143386840820e-01,3.990330398082733154e-01,4.092928767204284668e-01,-4.144382774829864502e-01,-2.100508809089660645e-01,2.716981172561645508e-01,-1.317322701215744019e-01,2.018337547779083252e-01,2.710238657891750336e-02,-4.921526610851287842e-01,6.257081031799316406e-01,-3.088313639163970947e-01,-7.473134994506835938e-01,-1.060287095606327057e-02,-3.277856707572937012e-01
1.400007534027099609e+01,3.136106133460998535e-01,7.474992871284484863e-01,9.931577444076538086e-01,1.314449124038219452e-03,-8.327494561672210693e-02,8.186102658510208130e-02,-4.069064259529113770e-01,6.174130737781524658e-02,1.462949961423873901e-01,7.788346409797668457e-01,-2.925860881805419922e-01,8.120391517877578735e-02,1.505346149206161499e-01,-2.230938337743282318e-02,-2.833997309207916260e-01,9.220455884933471680e-01,-3.510816097259521484e-01,-8.538695424795150757e-02,9.319297224283218384e-02,1.559522752359043807e-05,1.757764369249343872e-01,4.777329266071319580e-01,4.255653023719787598e-01,-3.718746900558471680e-01,-2.093060463666915894e-01,2.235369682312011719e-01,-1.469492465257644653e-01,1.922004371881484985e-01,-1.955562457442283630e-02,-4.887627959251403809e-01,6.927855610847473145e-01,-3.081755042076110840e-01,-7.938709259033203125e-01,2.362770028412342072e-03,-3.358927071094512939e-01
1.411866664886474609e+01,3.193971514701843262e-01,7.535688281059265137e-01,9.923644661903381348e-01,-1.202525198459625244e-02,-9.436392784118652344e-02,7.850874960422515869e-02,-3.163804411888122559e-01,-9.918245486915111542e-03,8.437582105398178101e-02,2.773343622684478760e-01,-1.759920567274093628e-01,-6.355535984039306641e-02,2.332254201173782349e-01,1.507582608610391617e-02,-2.656768560409545898e-01,9.897586703300476074e-01,-1.150820925831794739e-01,-7.273174822330474854e-02,1.255249381065368652e-01,2.763405255973339081e-02,1.555526554584503174e-01,5.445109605789184570e-01,4.397862255573272705e-01,-3.397802710533142090e-01,-2.092220634222030640e-01,2.064922451972961426e-01,-1.494276970624923706e-01,1.808478385210037231e-01,-1.119463331997394562e-02,-4.807079136371612549e-01,7.443023920059204102e-01,-3.183382749557495117e-01,-8.203635811805725098e-01,-1.170225441455841064e-02,-3.450970351696014404e-01
1.421900653839111328e+01,3.238520622253417969e-01,7.514536380767822266e-01,9.913613200187683105e-01,-3.789468854665756226e-02,-1.028935685753822327e-01,7.196976244449615479e-02,-2.814816236495971680e-01,2.598386025056242943e-03,-8.165019564330577850e-03,1.070540174841880798e-01,-1.675624698400497437e-01,-1.455488651990890503e-01,2.511239051818847656e-01,5.479699745774269104e-02,-2.608929276466369629e-01,1.079606294631958008e+00,-4.044908285140991211e-02,-6.602983921766281128e-02,1.254440248012542725e-01,7.553897798061370850e-02,1.420750468969345093e-01,5.831699371337890625e-01,4.343917965888977051e-01,-3.197297155857086182e-01,-2.111544162034988403e-01,2.094264179468154907e-01,-1.350599676370620728e-01,1.495858579874038696e-01,2.212696336209774017e-02,-4.601495862007141113e-01,7.528262734413146973e-01,-3.427275717258453369e-01,-8.012402653694152832e-01,-5.372638255357742310e-02,-3.383418917655944824e-01
1.431386661529541016e+01,3.290414214134216309e-01,7.456637620925903320e-01,9.920387864112854004e-01,-1.308825798332691193e-02,-9.875399619340896606e-02,7.704097777605056763e-02,-2.816550135612487793e-01,-7.156091183423995972e-02,-4.485151264816522598e-03,1.991408616304397583e-01,-6.147035211324691772e-02,-5.637465417385101318e-02,1.529315263032913208e-01,-7.825776189565658569e-02,-2.763994336128234863e-01,1.256013631820678711e+00,-1.903216689825057983e-01,-8.803705871105194092e-02,9.770200401544570923e-02,1.803697273135185242e-02,1.455119103193283081e-01,5.562785267829895020e-01,4.167649149894714355e-01,-3.163825869560241699e-01,-2.158901840448379517e-01,2.220915108919143677e-01,-1.222503855824470520e-01,1.334330886602401733e-01,6.627354025840759277e-02,-4.462610781192779541e-01,7.352056503295898438e-01,-3.603958189487457275e-01,-7.726649045944213867e-01,-7.943795621395111084e-02,-3.374369442462921143e-01
1.440916442871093750e+01,3.381906747817993164e-01,7.296307086944580078e-01,9.927132129669189453e-01,9.255507960915565491e-03,-9.444131702184677124e-02,7.426733523607254028e-02,-4.017806351184844971e-01,-1.497312337160110474e-01,-2.716712839901447296e-02,6.523771286010742188e-01,-4.799841716885566711e-02,6.571689993143081665e-02,-1.260334439575672150e-02,-2.545030415058135986e-01,-2.903807461261749268e-01,1.431848526000976562e+00,-3.489647209644317627e-01,-1.605677306652069092e-01,6.544843316078186035e-02,-3.210660815238952637e-02,1.572421193122863770e-01,4.875329732894897461e-01,4.017351865768432617e-01,-3.291757702827453613e-01,-2.218138724565505981e-01,2.414975911378860474e-01,-1.281778365373611450e-01,1.443092077970504761e-01,9.687649458646774292e-02,-4.319860637187957764e-01,6.836488246917724609e-01,-3.458496332168579102e-01,-7.488957047462463379e-01,-1.055579409003257751e-01,-3.202595412731170654e-01
1.451500606536865234e+01,3.462607264518737793e-01,7.193139195442199707e-01,9.911211729049682617e-01,4.284752905368804932e-02,-9.876053780317306519e-02,7.803416997194290161e-02,-3.177012503147125244e-01,-2.198421955108642578e-01,3.346851328387856483e-03,8.444201946258544922e-01,-2.859432399272918701e-01,1.122963950037956238e-01,-2.281163632869720459e-01,-3.793920576572418213e-01,-2.272127121686935425e-01,1.484594106674194336e+00,-4.243856966495513916e-01,-1.845805346965789795e-01,1.451258920133113861e-02,-9.872597455978393555e-02,1.798074692487716675e-01,3.699679374694824219e-01,4.123090803623199463e-01,-3.691089153289794922e-01,-1.840663403272628784e-01,2.693156003952026367e-01,-1.270858049392700195e-01,1.798745542764663696e-01,1.546666622161865234e-01,-4.152960777282714844e-01,6.181315779685974121e-01,-3.005312085151672363e-01,-7.206816673278808594e-01,-1.055385321378707886e-01,-3.109307289123535156e-01
1.461160469055175781e+01,3.499386012554168701e-01,7.184870243072509766e-01,9.918055534362792969e-01,3.607823327183723450e-02,-9.806907176971435547e-02,7.350253313779830933e-02,-1.757155954837799072e-01,-1.922833919525146484e-01,2.344473265111446381e-03,8.992260694503784180e-01,-4.733165800571441650e-01,1.239002719521522522e-01,-3.980765938758850098e-01,-3.874154984951019287e-01,-2.565934956073760986e-01,1.340497493743896484e+00,-4.360149204730987549e-01,-2.379992455244064331e-01,-4.377403482794761658e-02,-8.778576552867889404e-02,1.708855330944061279e-01,2.868995666503906250e-01,4.205797016620635986e-01,-4.038235843181610107e-01,-1.245619952678680420e-01,3.329616487026214600e-01,-1.058629006147384644e-01,2.084637582302093506e-01,2.106773853302001953e-01,-4.103218317031860352e-01,5.781027674674987793e-01,-2.733583748340606689e-01,-6.984636187553405762e-01,-8.969635516405105591e-02,-3.088256716728210449e-01
1.471261405944824219e+01,3.520444333553314209e-01,7.242143154144287109e-01,9.935964345932006836e-01,1.819542422890663147e-02,-8.785589784383773804e-02,6.867647171020507812e-02,-2.631268277764320374e-02,-1.348104476928710938e-01,-8.456997573375701904e-03,8.730470538139343262e-01,-5.519318580627441406e-01,1.356986612081527710e-01,-4.885898828506469727e-01,-3.265921473503112793e-01,-3.367225527763366699e-01,1.036671400070190430e+00,-4.181374013423919678e-01,-2.322000712156295776e-01,-1.128474175930023193e-01,-5.642376840114593506e-02,1.374049484729766846e-01,2.593976259231567383e-01,4.187883138656616211e-01,-4.203659892082214355e-01,-1.254448890686035156e-01,3.351234793663024902e-01,-1.006237789988517761e-01,2.023358196020126343e-01,2.728216946125030518e-01,-4.432815313339233398e-01,5.642319917678833008e-01,-3.214671611785888672e-01,-6.395426988601684570e-01,-6.764791905879974365e-02,-2.950374782085418701e-01
1.481416988372802734e+01,3.551153540611267090e-01,7.309279441833496094e-01,9.938828945159912109e-01,1.422547549009323120e-02,-8.596662431955337524e-02,6.785338371992111206e-02,1.324330866336822510e-01,-1.037475168704986572e-01,-6.586569361388683319e-03,8.525868654251098633e-01,-4.551091194152832031e-01,1.460020393133163452e-01,-4.621685147285461426e-01,-2.094813287258148193e-01,-3.364584147930145264e-01,5.810214281082153320e-01,-3.468472659587860107e-01,-1.170070096850395203e-01,-1.756728738546371460e-01,-4.582928866147994995e-02,1.108353734016418457e-01,2.540045976638793945e-01,4.093075990676879883e-01,-4.495081901550292969e-01,-1.585740298032760620e-01,2.897594571113586426e-01,-1.087511032819747925e-01,1.827293932437896729e-01,3.665401041507720947e-01,-5.097310543060302734e-01,5.440909862518310547e-01,-3.931893706321716309e-01,-5.731130838394165039e-01,-6.984584778547286987e-02,-2.579911947250366211e-01
1.491944980621337891e+01,3.578903079032897949e-01,7.372722625732421875e-01,9.916573762893676758e-01,4.378175362944602966e-02,-9.618490189313888550e-02,7.380568981170654297e-02,2.390349507331848145e-01,-1.478576809167861938e-01,2.127216430380940437e-03,8.914533257484436035e-01,-1.892543584108352661e-01,1.342536509037017822e-01,-3.581427931785583496e-01,-1.739916950464248657e-01,-2.861612737178802490e-01,1.618014574050903320e-01,-1.883408725261688232e-01,7.613395154476165771e-02,-2.255402207374572754e-01,-1.007252708077430725e-01,8.334565907716751099e-02,2.394157946109771729e-01,4.052275419235229492e-01,-4.762869179248809814e-01,-1.837874352931976318e-01,2.748132348060607910e-01,-1.168430820107460022e-01,1.650112569332122803e-01,4.660039544105529785e-01,-5.673535466194152832e-01,5.134800672531127930e-01,-4.296662807464599609e-01,-5.626692771911621094e-01,-7.594238221645355225e-02,-1.971758157014846802e-01
1.502151393890380859e+01,3.593604564666748047e-01,7.423294186592102051e-01,9.898774623870849609e-01,5.633701384067535400e-02,-9.972740709781646729e-02,8.380476385354995728e-02,2.339775562286376953e-01,-1.557242274284362793e-01,4.022201988846063614e-03,1.049787521362304688e+00,3.788697347044944763e-02,5.252445861697196960e-02,-3.558603525161743164e-01,-1.875310391187667847e-01,-2.413932532072067261e-01,1.948528736829757690e-01,-2.302631437778472900e-01,9.011505544185638428e-02,-2.560800611972808838e-01,-1.185172125697135925e-01,6.782698631286621094e-02,2.197924405336380005e-01,4.074387252330780029e-01,-5.044429302215576172e-01,-2.160173207521438599e-01,2.988240718841552734e-01,-1.072068437933921814e-01,1.469385623931884766e-01,5.238623023033142090e-01,-5.862091779708862305e-01,4.679072797298431396e-01,-4.130605757236480713e-01,-5.784236192703247070e-01,-6.829953938722610474e-02,-1.680005788803100586e-01
1.511535835266113281e+01,3.589882552623748779e-01,7.377710938453674316e-01,9.899374842643737793e-01,4.236134141683578491e-02,-1.019229665398597717e-01,8.854963630437850952e-02,1.536315828561782837e-01,-9.809877723455429077e-02,1.409242954105138779e-02,1.292446732521057129e+00,-5.126460641622543335e-02,1.034577470272779465e-02,-2.890220284461975098e-01,-1.460382789373397827e-01,-2.606640756130218506e-01,2.411674410104751587e-01,-2.253492921590805054e-01,1.075299307703971863e-01,-2.392958253622055054e-01,-9.026195108890533447e-02,8.169542998075485229e-02,2.007136642932891846e-01,4.139360189437866211e-01,-5.317035913467407227e-01,-2.592104077339172363e-01,3.423888385295867920e-01,-8.717592060565948486e-02,1.166233941912651062e-01,5.366263389587402344e-01,-5.636938214302062988e-01,4.529932737350463867e-01,-3.616176545619964600e-01,-6.129667758941650391e-01,-6.707230955362319946e-02,-2.011652439832687378e-01
1.520219421386718750e+01,3.574315309524536133e-01,7.308803796768188477e-01,9.911641478538513184e-01,1.549772336147725582e-03,-9.716905653476715088e-02,9.027434140443801880e-02,-1.924628508277237415e-03,6.791022419929504395e-02,3.228512406349182129e-02,1.506412982940673828e+00,-2.263922095298767090e-01,4.070408642292022705e-02,-3.397485017776489258e-01,-7.988455891609191895e-02,-2.816641330718994141e-01,5.324953794479370117e-01,-1.060772985219955444e-01,-2.554738707840442657e-02,-1.913062036037445068e-01,-6.557563319802284241e-03,1.047848239541053772e-01,1.962182819843292236e-01,4.130009710788726807e-01,-5.314257740974426270e-01,-3.045994937419891357e-01,3.711668848991394043e-01,-9.789087623357772827e-02,9.402979910373687744e-02,4.979745447635650635e-01,-5.164230465888977051e-01,4.594342410564422607e-01,-2.911430895328521729e-01,-6.442950963973999023e-01,-6.344678252935409546e-02,-2.436065226793289185e-01
1.529332447052001953e+01,3.576148450374603271e-01,7.268279194831848145e-01,9.894632101058959961e-01,-3.347364068031311035e-02,-1.118047237396240234e-01,8.568470925092697144e-02,-1.555213034152984619e-01,1.921222954988479614e-01,2.592772617936134338e-02,1.593319654464721680e+00,-3.326395452022552490e-01,9.346485137939453125e-02,-2.669935822486877441e-01,3.249831497669219971e-03,-3.034651577472686768e-01,7.138645648956298828e-01,-2.521550357341766357e-01,-7.882982492446899414e-02,-1.256842464208602905e-01,6.319121271371841431e-02,1.574997752904891968e-01,2.634690701961517334e-01,3.962617814540863037e-01,-4.778397083282470703e-01,-3.232609927654266357e-01,3.800436258316040039e-01,-9.495831280946731567e-02,1.111690104007720947e-01,4.013982117176055908e-01,-4.730682075023651123e-01,5.045464634895324707e-01,-2.057798951864242554e-01,-6.986199617385864258e-01,-3.174899891018867493e-02,-2.862311303615570068e-01
1.538184356689453125e+01,3.590638041496276855e-01,7.291696071624755859e-01,9.879392385482788086e-01,-4.113432392477989197e-02,-1.259233206510543823e-01,8.017097413539886475e-02,-2.907661795616149902e-01,2.009230852127075195e-01,2.117822319269180298e-02,1.502578735351562500e+00,-3.643346130847930908e-01,1.170539781451225281e-01,-1.146917268633842468e-01,5.026830360293388367e-02,-3.032336831092834473e-01,7.594391107559204102e-01,-4.068837165832519531e-01,-7.326496392488479614e-02,-4.781807214021682739e-02,7.758419960737228394e-02,1.838889420032501221e-01,3.369609117507934570e-01,3.728040754795074463e-01,-4.221089184284210205e-01,-2.834343612194061279e-01,3.546280562877655029e-01,-7.944066822528839111e-02,1.576661765575408936e-01,2.605348527431488037e-01,-4.141573011875152588e-01,5.779049992561340332e-01,-1.135913133621215820e-01,-8.086333274841308594e-01,2.467042580246925354e-02,-3.069562911987304688e-01
1.547651958465576172e+01,3.631061315536499023e-01,7.352948784828186035e-01,9.879741072654724121e-01,-3.192016109824180603e-02,-1.321483850479125977e-01,7.365506142377853394e-02,-3.624219894409179688e-01,1.692203283309936523e-01,5.980139225721359253e-02,1.243601799011230469e+00,-3.641894459724426270e-01,1.059769615530967712e-01,2.627474628388881683e-02,4.808688536286354065e-02,-2.863333225250244141e-01,7.892462015151977539e-01,-4.639270901679992676e-01,-6.437324732542037964e-02,2.939836122095584869e-02,6.088550388813018799e-02,1.825742423534393311e-01,4.045671522617340088e-01,3.762562870979309082e-01,-3.818550407886505127e-01,-2.521206438541412354e-01,2.805756926536560059e-01,-8.680740743875503540e-02,1.765787303447723389e-01,1.372316181659698486e-01,-3.621789216995239258e-01,6.504078507423400879e-01,-7.740578055381774902e-02,-9.162328839302062988e-01,7.028301060199737549e-02,-2.986220717430114746e-01
1.557053947448730469e+01,3.686979413032531738e-01,7.455884218215942383e-01,9.886379837989807129e-01,-2.381308749318122864e-02,-1.338895410299301147e-01,6.404271721839904785e-02,-3.540382385253906250e-01,1.285059899091720581e-01,1.069151982665061951e-01,8.330212831497192383e-01,-3.236902058124542236e-01,6.342174857854843140e-02,1.080098375678062439e-01,3.065534494817256927e-02,-2.573330402374267578e-01,8.922718167304992676e-01,-3.450983166694641113e-01,-4.213438183069229126e-02,9.256490319967269897e-02,4.841070249676704407e-02,1.687882542610168457e-01,4.708155989646911621e-01,3.936507403850555420e-01,-3.443518579006195068e-01,-2.577382326126098633e-01,2.100585699081420898e-01,-1.183586642146110535e-01,1.685129851102828979e-01,3.374370187520980835e-02,-3.386024236679077148e-01,7.264134287834167480e-01,-8.278169482946395874e-02,-9.709787964820861816e-01,9.397394955158233643e-02,-2.816044986248016357e-01
1.566243267059326172e+01,3.744245469570159912e-01,7.538667917251586914e-01,9.891165494918823242e-01,-2.466713637113571167e-02,-1.350932866334915161e-01,5.281798914074897766e-02,-2.747835814952850342e-01,6.199538707733154297e-02,8.119755983352661133e-02,3.445550203323364258e-01,-2.351154685020446777e-01,-1.805074326694011688e-02,1.238823011517524719e-01,2.608767524361610413e-02,-2.248209863901138306e-01,1.042408704757690430e+00,-9.720419347286224365e-02,-8.275232394225895405e-04,1.385724991559982300e-01,5.043209344148635864e-02,1.516240537166595459e-01,5.403541326522827148e-01,4.218043982982635498e-01,-3.148823380470275879e-01,-2.873691916465759277e-01,1.781590580940246582e-01,-1.381295919418334961e-01,1.627635508775711060e-01,-2.225256897509098053e-02,-3.337060511112213135e-01,7.923985719680786133e-01,-1.276312172412872314e-01,-9.799903035163879395e-01,8.655750006437301636e-02,-2.724252939224243164e-01
1.575067424774169922e+01,3.807132244110107422e-01,7.531723976135253906e-01,9.888941049575805664e-01,-4.303420335054397583e-02,-1.364267170429229736e-01,4.030150547623634338e-02,-2.522706091403961182e-01,7.012359797954559326e-02,2.010783739387989044e-02,1.254747360944747925e-01,-2.076695710420608521e-01,-8.123669773340225220e-02,1.129988506436347961e-01,3.290355205535888672e-02,-2.355902493000030518e-01,1.177711248397827148e+00,7.887503504753112793e-02,3.449127823114395142e-02,1.602182239294052124e-01,8.591248095035552979e-02,1.365606039762496948e-01,6.048265099525451660e-01,4.412775337696075439e-01,-2.955675125122070312e-01,-3.243307471275329590e-01,1.801541149616241455e-01,-1.368809491395950317e-01,1.451503932476043701e-01,-5.466017499566078186e-02,-3.350497782230377197e-01,8.175041079521179199e-01,-2.138520926237106323e-01,-9.329972267150878906e-01,4.339968785643577576e-02,-2.651331722736358643e-01
1.582436084747314453e+01,3.866028189659118652e-01,7.466473579406738281e-01,9.886103272438049316e-01,-5.325238779187202454e-02,-1.368924975395202637e-01,3.277602419257164001e-02,-2.448462992906570435e-01,8.578223735094070435e-02,1.329976716078817844e-03,1.159759238362312317e-01,-2.350079268217086792e-01,-1.001846492290496826e-01,6.777086108922958374e-02,-2.884889952838420868e-02,-2.643042504787445068e-01,1.332538485527038574e+00,9.326289407908916473e-03,-2.729033865034580231e-02,1.521804332733154297e-01,1.065038815140724182e-01,1.315748095512390137e-01,6.386811137199401855e-01,4.409000277519226074e-01,-2.881193161010742188e-01,-3.593725562095642090e-01,1.794137805700302124e-01,-1.233846023678779602e-01,1.204752475023269653e-01,-5.434897169470787048e-02,-3.396516740322113037e-01,8.092733025550842285e-01,-3.259223401546478271e-01,-8.505542874336242676e-01,-9.028741158545017242e-03,-2.698419988155364990e-01
1.590513038635253906e+01,3.958425223827362061e-01,7.376412153244018555e-01,9.897867441177368164e-01,-2.400087378919124603e-02,-1.357740461826324463e-01,3.621556237339973450e-02,-2.389764487743377686e-01,6.646952591836452484e-03,1.822945848107337952e-02,2.217719852924346924e-01,-1.157790422439575195e-01,-2.889826893806457520e-02,-1.615459471940994263e-02,-1.839640438556671143e-01,-2.529621422290802002e-01,1.473231554031372070e+00,-1.815492063760757446e-01,-7.971469312906265259e-02,1.254452019929885864e-01,4.580469429492950439e-02,1.465511322021484375e-01,6.134243607521057129e-01,4.358233809471130371e-01,-2.954372167587280273e-01,-3.955094814300537109e-01,1.818807721138000488e-01,-1.055795550346374512e-01,9.193122386932373047e-02,-3.565790504217147827e-02,-3.346186578273773193e-01,7.702900171279907227e-01,-4.014391601085662842e-01,-7.722092270851135254e-01,-3.740185126662254333e-02,-2.744585871696472168e-01
1.597169113159179688e+01,4.038372933864593506e-01,7.182086706161499023e-01,9.903562068939208984e-01,1.182744628749787807e-03,-1.339779198169708252e-01,3.525795415043830872e-02,-3.748763203620910645e-01,-7.359334826469421387e-02,3.972609410993754864e-04,6.268191337585449219e-01,1.079906336963176727e-02,4.112742468714714050e-02,-1.599228978157043457e-01,-3.058495521545410156e-01,-2.136571854352951050e-01,1.585154891014099121e+00,-3.369775414466857910e-01,-1.402533799409866333e-01,9.541250765323638916e-02,-6.037739571183919907e-03,1.673065871000289917e-01,5.392561554908752441e-01,4.346870481967926025e-01,-3.179818093776702881e-01,-4.170258641242980957e-01,1.877619773149490356e-01,-1.091556772589683533e-01,6.726638972759246826e-02,-2.110716328024864197e-02,-3.179027736186981201e-01,7.091852426528930664e-01,-4.120215177536010742e-01,-7.235561609268188477e-01,-4.546183347702026367e-02,-2.468881458044052124e-01
1.604252052307128906e+01,4.099438190460205078e-01,7.059424519538879395e-01,9.882420897483825684e-01,2.862164378166198730e-02,-1.446345001459121704e-01,4.048748314380645752e-02,-3.555441200733184814e-01,-1.317741423845291138e-01,3.335415944457054138e-02,8.795713782310485840e-01,-1.922259181737899780e-01,8.160241693258285522e-02,-2.904825508594512939e-01,-3.878672719001770020e-01,-1.794855147600173950e-01,1.566638469696044922e+00,-4.298496246337890625e-01,-1.677535027265548706e-01,5.990970134735107422e-02,-6.199253350496292114e-02,2.047620713710784912e-01,4.062912464141845703e-01,4.499517679214477539e-01,-3.754073381423950195e-01,-3.706863820552825928e-01,2.070892900228500366e-01,-1.021519824862480164e-01,5.105188488960266113e-02,9.651982225477695465e-03,-2.850717008113861084e-01,6.504805684089660645e-01,-3.456223011016845703e-01,-6.803807020187377930e-01,-3.213408961892127991e-02,-2.366197407245635986e-01
1.610759544372558594e+01,4.135034382343292236e-01,7.014968395233154297e-01,9.871709942817687988e-01,2.669745869934558868e-02,-1.524403393268585205e-01,3.927542641758918762e-02,-2.738283872604370117e-01,-1.263910084962844849e-01,4.039394110441207886e-02,1.004517912864685059e+00,-3.745159804821014404e-01,1.038125231862068176e-01,-3.820042610168457031e-01,-3.930283486843109131e-01,-2.336875051259994507e-01,1.411338686943054199e+00,-4.405834376811981201e-01,-2.055327594280242920e-01,2.347691729664802551e-02,-6.068525463342666626e-02,2.210547327995300293e-01,3.025638163089752197e-01,4.494984149932861328e-01,-4.253896772861480713e-01,-2.903273701667785645e-01,2.901130020618438721e-01,-8.377894759178161621e-02,5.886086076498031616e-02,3.231342509388923645e-02,-2.584832012653350830e-01,6.173042058944702148e-01,-2.680302560329437256e-01,-6.736721992492675781e-01,-9.743262082338333130e-03,-2.223017662763595581e-01
1.616943931579589844e+01,4.142026305198669434e-01,7.017853856086730957e-01,9.879099130630493164e-01,2.035893686115741730e-02,-1.498376578092575073e-01,3.417901694774627686e-02,-1.718495637178421021e-01,-1.046466603875160217e-01,4.682869836688041687e-02,1.037318348884582520e+00,-5.126706957817077637e-01,1.253098845481872559e-01,-4.456957876682281494e-01,-3.503242731094360352e-01,-3.019352555274963379e-01,1.160195946693420410e+00,-3.887608647346496582e-01,-2.014030963182449341e-01,-1.371981017291545868e-02,-5.193770676851272583e-02,2.152028083801269531e-01,2.465870380401611328e-01,4.357032775878906250e-01,-4.544144272804260254e-01,-2.535220980644226074e-01,3.280859887599945068e-01,-8.451750874519348145e-02,7.070259749889373779e-02,3.976599499583244324e-02,-2.603927254676818848e-01,6.166855096817016602e-01,-2.633803188800811768e-01,-6.527330875396728516e-01,5.778222810477018356e-03,-1.927938908338546753e-01
1.623616027832031250e+01,4.133880734443664551e-01,7.043928503990173340e-01,9.886663556098937988e-01,1.022029016166925430e-02,-1.466766744852066040e-01,3.033597581088542938e-02,-4.934818297624588013e-02,-7.078304141759872437e-02,4.929916188120841980e-02,1.027438879013061523e+00,-6.027576923370361328e-01,1.264009028673171997e-01,-4.359550476074218750e-01,-2.336414903402328491e-01,-3.131040334701538086e-01,8.131177425384521484e-01,-3.241002261638641357e-01,-1.265553086996078491e-01,-5.556125566363334656e-02,-3.412166982889175415e-02,2.003546208143234253e-01,2.135762423276901245e-01,4.177658855915069580e-01,-4.803594052791595459e-01,-2.500101327896118164e-01,2.949075996875762939e-01,-9.311822056770324707e-02,8.720007538795471191e-02,5.184032768011093140e-02,-2.875325381755828857e-01,6.294905543327331543e-01,-3.211625218391418457e-01,-6.154696345329284668e-01,7.365668192505836487e-03,-1.506457328796386719e-01
1.630687904357910156e+01,4.117754101753234863e-01,7.078156471252441406e-01,9.884387850761413574e-01,8.504666388034820557e-03,-1.483541131019592285e-01,3.012398444116115570e-02,6.942436099052429199e-02,-5.557103082537651062e-02,4.972223937511444092e-02,1.031120896339416504e+00,-6.004886627197265625e-01,1.225357800722122192e-01,-3.800785541534423828e-01,-1.151725500822067261e-01,-2.413756549358367920e-01,4.726591408252716064e-01,-2.744603455066680908e-01,-1.342221070080995560e-02,-9.516846388578414917e-02,-3.315340727567672729e-02,1.879729777574539185e-01,1.829152107238769531e-01,4.066800475120544434e-01,-4.943386018276214600e-01,-2.398801594972610474e-01,2.386263012886047363e-01,-9.312197566032409668e-02,1.040399149060249329e-01,7.966277748346328735e-02,-3.328233063220977783e-01,6.369406580924987793e-01,-3.961094021797180176e-01,-6.184832453727722168e-01,-1.558272633701562881e-02,-9.893275052309036255e-02
1.638197135925292969e+01,4.100987613201141357e-01,7.094643712043762207e-01,9.881293773651123047e-01,1.652625761926174164e-02,-1.483479291200637817e-01,3.633372113108634949e-02,1.206804215908050537e-01,-6.457190215587615967e-02,4.313154518604278564e-02,1.106600999832153320e+00,-4.937177598476409912e-01,1.085427477955818176e-01,-3.347127735614776611e-01,-7.536500692367553711e-02,-1.780435889959335327e-01,2.991542220115661621e-01,-2.520845234394073486e-01,6.371164321899414062e-02,-1.234278231859207153e-01,-5.485879629850387573e-02,1.743465811014175415e-01,1.377274841070175171e-01,4.063642621040344238e-01,-5.004428029060363770e-01,-2.088556289672851562e-01,1.956161409616470337e-01,-9.583841264247894287e-02,1.195123046636581421e-01,9.547434747219085693e-02,-3.767765760421752930e-01,6.323605179786682129e-01,-4.598710834980010986e-01,-6.521942019462585449e-01,-4.542074352502822876e-02,-5.354919657111167908e-02
1.645497131347656250e+01,4.086200296878814697e-01,7.069441676139831543e-01,9.883090257644653320e-01,1.482436247169971466e-02,-1.455799788236618042e-01,4.280120879411697388e-02,1.151800677180290222e-01,-4.805248230695724487e-02,3.294502198696136475e-02,1.262820601463317871e+00,-3.919677138328552246e-01,6.313895434141159058e-02,-3.231922090053558350e-01,-6.389407813549041748e-02,-1.625284701585769653e-01,3.560214638710021973e-01,-2.658832073211669922e-01,7.609632611274719238e-02,-1.402937471866607666e-01,-5.977245047688484192e-02,1.653632223606109619e-01,8.237812668085098267e-02,3.995980322360992432e-01,-4.884464442729949951e-01,-1.521126478910446167e-01,1.729885488748550415e-01,-9.597164392471313477e-02,1.258764564990997314e-01,9.569007903337478638e-02,-4.122154116630554199e-01,6.152170896530151367e-01,-4.965502917766571045e-01,-6.842618584632873535e-01,-5.667927116155624390e-02,-3.995086625218391418e-02
